"variant","date","copies_day_person_M_mn","copies","copies_gapfill","copies_7day","hover_text_variant","hover_text_variant_7day"
"Alpha, Beta & Gamma",2021-01-13,84.737606,0,0,0,"Jan 13, 2021<br><b>Alpha, Beta & Gamma</b> 0M copies","Jan 13, 2021<br><b>Alpha, Beta & Gamma</b> 0M copies, 7-day average"
"Alpha, Beta & Gamma",2021-01-15,102.718567,0,0,0,"Jan 15, 2021<br><b>Alpha, Beta & Gamma</b> 0M copies","Jan 15, 2021<br><b>Alpha, Beta & Gamma</b> 0M copies, 7-day average"
"Alpha, Beta & Gamma",2021-01-19,55.577558,2.561014,2.561014,0.640253,"Jan 19, 2021<br><b>Alpha, Beta & Gamma</b> 2.56M copies","Jan 19, 2021<br><b>Alpha, Beta & Gamma</b> 0.64M copies, 7-day average"
"Alpha, Beta & Gamma",2021-01-25,110.084457,4.886099,4.886099,3.723556,"Jan 25, 2021<br><b>Alpha, Beta & Gamma</b> 4.89M copies","Jan 25, 2021<br><b>Alpha, Beta & Gamma</b> 3.72M copies, 7-day average"
"Alpha, Beta & Gamma",2021-01-31,22.069272,0.501039,0.501039,2.693569,"Jan 31, 2021<br><b>Alpha, Beta & Gamma</b> 0.5M copies","Jan 31, 2021<br><b>Alpha, Beta & Gamma</b> 2.69M copies, 7-day average"
"Alpha, Beta & Gamma",2021-02-06,47.242028,0,0,0.250519,"Feb 06, 2021<br><b>Alpha, Beta & Gamma</b> 0M copies","Feb 06, 2021<br><b>Alpha, Beta & Gamma</b> 0.25M copies, 7-day average"
"Alpha, Beta & Gamma",2021-02-11,44.114102,2.049718,2.049718,1.024859,"Feb 11, 2021<br><b>Alpha, Beta & Gamma</b> 2.05M copies","Feb 11, 2021<br><b>Alpha, Beta & Gamma</b> 1.02M copies, 7-day average"
"Alpha, Beta & Gamma",2021-02-12,41.203985,0,0,0.683239,"Feb 12, 2021<br><b>Alpha, Beta & Gamma</b> 0M copies","Feb 12, 2021<br><b>Alpha, Beta & Gamma</b> 0.68M copies, 7-day average"
"Alpha, Beta & Gamma",2021-02-22,52.719503,10.538629,10.538629,10.538629,"Feb 22, 2021<br><b>Alpha, Beta & Gamma</b> 10.54M copies","Feb 22, 2021<br><b>Alpha, Beta & Gamma</b> 10.54M copies, 7-day average"
"Alpha, Beta & Gamma",2021-02-24,28.96118,3.94709,3.94709,7.242859,"Feb 24, 2021<br><b>Alpha, Beta & Gamma</b> 3.95M copies","Feb 24, 2021<br><b>Alpha, Beta & Gamma</b> 7.24M copies, 7-day average"
"Alpha, Beta & Gamma",2021-03-08,38.325218,2.610522,2.610522,2.610522,"Mar 08, 2021<br><b>Alpha, Beta & Gamma</b> 2.61M copies","Mar 08, 2021<br><b>Alpha, Beta & Gamma</b> 2.61M copies, 7-day average"
"Alpha, Beta & Gamma",2021-03-14,41.566556,6.923242,6.923242,4.766882,"Mar 14, 2021<br><b>Alpha, Beta & Gamma</b> 6.92M copies","Mar 14, 2021<br><b>Alpha, Beta & Gamma</b> 4.77M copies, 7-day average"
"Alpha, Beta & Gamma",2021-03-21,44.956222,15.769294,15.769294,15.769294,"Mar 21, 2021<br><b>Alpha, Beta & Gamma</b> 15.77M copies","Mar 21, 2021<br><b>Alpha, Beta & Gamma</b> 15.77M copies, 7-day average"
"Alpha, Beta & Gamma",2021-03-25,69.168268,51.442032,51.442032,33.605663,"Mar 25, 2021<br><b>Alpha, Beta & Gamma</b> 51.44M copies","Mar 25, 2021<br><b>Alpha, Beta & Gamma</b> 33.61M copies, 7-day average"
"Alpha, Beta & Gamma",2021-04-01,88.334899,57.844165,57.844165,57.844165,"Apr 01, 2021<br><b>Alpha, Beta & Gamma</b> 57.84M copies","Apr 01, 2021<br><b>Alpha, Beta & Gamma</b> 57.84M copies, 7-day average"
"Alpha, Beta & Gamma",2021-04-02,90.281588,62.278136,62.278136,60.06115,"Apr 02, 2021<br><b>Alpha, Beta & Gamma</b> 62.28M copies","Apr 02, 2021<br><b>Alpha, Beta & Gamma</b> 60.06M copies, 7-day average"
"Alpha, Beta & Gamma",2021-04-03,118.147343,93.377398,93.377398,71.166566,"Apr 03, 2021<br><b>Alpha, Beta & Gamma</b> 93.38M copies","Apr 03, 2021<br><b>Alpha, Beta & Gamma</b> 71.17M copies, 7-day average"
"Alpha, Beta & Gamma",2021-04-04,105.006934,72.808658,72.808658,71.577089,"Apr 04, 2021<br><b>Alpha, Beta & Gamma</b> 72.81M copies","Apr 04, 2021<br><b>Alpha, Beta & Gamma</b> 71.58M copies, 7-day average"
"Alpha, Beta & Gamma",2021-04-05,51.328988,39.554016,39.554016,65.172474,"Apr 05, 2021<br><b>Alpha, Beta & Gamma</b> 39.55M copies","Apr 05, 2021<br><b>Alpha, Beta & Gamma</b> 65.17M copies, 7-day average"
"Alpha, Beta & Gamma",2021-04-06,161.294019,120.944223,120.944223,74.467766,"Apr 06, 2021<br><b>Alpha, Beta & Gamma</b> 120.94M copies","Apr 06, 2021<br><b>Alpha, Beta & Gamma</b> 74.47M copies, 7-day average"
"Alpha, Beta & Gamma",2021-04-09,95.665107,70.683791,70.683791,84.1423,"Apr 09, 2021<br><b>Alpha, Beta & Gamma</b> 70.68M copies","Apr 09, 2021<br><b>Alpha, Beta & Gamma</b> 84.14M copies, 7-day average"
"Alpha, Beta & Gamma",2021-04-18,68.921029,55.343518,55.343518,55.343518,"Apr 18, 2021<br><b>Alpha, Beta & Gamma</b> 55.34M copies","Apr 18, 2021<br><b>Alpha, Beta & Gamma</b> 55.34M copies, 7-day average"
"Alpha, Beta & Gamma",2021-04-19,103.191637,67.245346,67.245346,61.294432,"Apr 19, 2021<br><b>Alpha, Beta & Gamma</b> 67.25M copies","Apr 19, 2021<br><b>Alpha, Beta & Gamma</b> 61.29M copies, 7-day average"
"Alpha, Beta & Gamma",2021-04-22,126.427628,116.178014,116.178014,84.438048,"Apr 22, 2021<br><b>Alpha, Beta & Gamma</b> 116.18M copies","Apr 22, 2021<br><b>Alpha, Beta & Gamma</b> 84.44M copies, 7-day average"
"Alpha, Beta & Gamma",2021-04-26,84.798707,66.964522,66.964522,91.641474,"Apr 26, 2021<br><b>Alpha, Beta & Gamma</b> 66.96M copies","Apr 26, 2021<br><b>Alpha, Beta & Gamma</b> 91.64M copies, 7-day average"
"Alpha, Beta & Gamma",2021-04-29,77.449285,54.024826,54.024826,60.494674,"Apr 29, 2021<br><b>Alpha, Beta & Gamma</b> 54.02M copies","Apr 29, 2021<br><b>Alpha, Beta & Gamma</b> 60.49M copies, 7-day average"
"Alpha, Beta & Gamma",2021-05-05,65.553973,45.166097,45.166097,49.595462,"May 05, 2021<br><b>Alpha, Beta & Gamma</b> 45.17M copies","May 05, 2021<br><b>Alpha, Beta & Gamma</b> 49.6M copies, 7-day average"
"Alpha, Beta & Gamma",2021-05-08,63.552067,41.997367,41.997367,43.581732,"May 08, 2021<br><b>Alpha, Beta & Gamma</b> 42M copies","May 08, 2021<br><b>Alpha, Beta & Gamma</b> 43.58M copies, 7-day average"
"Alpha, Beta & Gamma",2021-05-09,43.939335,39.549268,39.549268,42.775239,"May 09, 2021<br><b>Alpha, Beta & Gamma</b> 39.55M copies","May 09, 2021<br><b>Alpha, Beta & Gamma</b> 42.78M copies, 7-day average"
"Alpha, Beta & Gamma",2021-05-12,73.772691,70.046064,70.046064,49.764499,"May 12, 2021<br><b>Alpha, Beta & Gamma</b> 70.05M copies","May 12, 2021<br><b>Alpha, Beta & Gamma</b> 49.76M copies, 7-day average"
"Alpha, Beta & Gamma",2021-05-16,49.018882,41.877125,41.877125,55.37963,"May 16, 2021<br><b>Alpha, Beta & Gamma</b> 41.88M copies","May 16, 2021<br><b>Alpha, Beta & Gamma</b> 55.38M copies, 7-day average"
"Alpha, Beta & Gamma",2021-05-17,48.925264,36.697862,36.697862,52.125379,"May 17, 2021<br><b>Alpha, Beta & Gamma</b> 36.7M copies","May 17, 2021<br><b>Alpha, Beta & Gamma</b> 52.13M copies, 7-day average"
"Alpha, Beta & Gamma",2021-05-18,33.177604,26.316741,26.316741,43.734448,"May 18, 2021<br><b>Alpha, Beta & Gamma</b> 26.32M copies","May 18, 2021<br><b>Alpha, Beta & Gamma</b> 43.73M copies, 7-day average"
"Alpha, Beta & Gamma",2021-05-19,27.603643,25.204417,25.204417,32.524036,"May 19, 2021<br><b>Alpha, Beta & Gamma</b> 25.2M copies","May 19, 2021<br><b>Alpha, Beta & Gamma</b> 32.52M copies, 7-day average"
"Alpha, Beta & Gamma",2021-05-20,28.770883,25.084815,25.084815,31.036192,"May 20, 2021<br><b>Alpha, Beta & Gamma</b> 25.08M copies","May 20, 2021<br><b>Alpha, Beta & Gamma</b> 31.04M copies, 7-day average"
"Alpha, Beta & Gamma",2021-05-23,22.352691,15.731153,15.731153,24.264422,"May 23, 2021<br><b>Alpha, Beta & Gamma</b> 15.73M copies","May 23, 2021<br><b>Alpha, Beta & Gamma</b> 24.26M copies, 7-day average"
"Alpha, Beta & Gamma",2021-05-24,23.800967,18.791411,18.791411,21.706358,"May 24, 2021<br><b>Alpha, Beta & Gamma</b> 18.79M copies","May 24, 2021<br><b>Alpha, Beta & Gamma</b> 21.71M copies, 7-day average"
"Alpha, Beta & Gamma",2021-05-26,26.007312,20.80728,20.80728,20.147139,"May 26, 2021<br><b>Alpha, Beta & Gamma</b> 20.81M copies","May 26, 2021<br><b>Alpha, Beta & Gamma</b> 20.15M copies, 7-day average"
"Alpha, Beta & Gamma",2021-05-27,86.587961,83.674969,83.674969,28.517161,"May 27, 2021<br><b>Alpha, Beta & Gamma</b> 83.67M copies","May 27, 2021<br><b>Alpha, Beta & Gamma</b> 28.52M copies, 7-day average"
"Alpha, Beta & Gamma",2021-05-30,26.069871,19.989152,19.989152,38.103754,"May 30, 2021<br><b>Alpha, Beta & Gamma</b> 19.99M copies","May 30, 2021<br><b>Alpha, Beta & Gamma</b> 38.1M copies, 7-day average"
"Alpha, Beta & Gamma",2021-05-31,12.634717,8.845174,8.845174,36.682863,"May 31, 2021<br><b>Alpha, Beta & Gamma</b> 8.85M copies","May 31, 2021<br><b>Alpha, Beta & Gamma</b> 36.68M copies, 7-day average"
"Alpha, Beta & Gamma",2021-06-01,23.841556,9.536122,9.536122,35.216688,"Jun 01, 2021<br><b>Alpha, Beta & Gamma</b> 9.54M copies","Jun 01, 2021<br><b>Alpha, Beta & Gamma</b> 35.22M copies, 7-day average"
"Delta",2021-06-01,23.841556,0,0,0,"Jun 01, 2021<br><b>Delta</b> 0M copies","Jun 01, 2021<br><b>Delta</b> 0M copies, 7-day average"
"Alpha, Beta & Gamma",2021-06-02,23.244654,17.776396,17.776396,34.783705,"Jun 02, 2021<br><b>Alpha, Beta & Gamma</b> 17.78M copies","Jun 02, 2021<br><b>Alpha, Beta & Gamma</b> 34.78M copies, 7-day average"
"Alpha, Beta & Gamma",2021-06-03,19.743944,11.846801,11.846801,24.522538,"Jun 03, 2021<br><b>Alpha, Beta & Gamma</b> 11.85M copies","Jun 03, 2021<br><b>Alpha, Beta & Gamma</b> 24.52M copies, 7-day average"
"Alpha, Beta & Gamma",2021-06-04,20.140071,16.586859,16.586859,17.97118,"Jun 04, 2021<br><b>Alpha, Beta & Gamma</b> 16.59M copies","Jun 04, 2021<br><b>Alpha, Beta & Gamma</b> 17.97M copies, 7-day average"
"Alpha, Beta & Gamma",2021-06-05,18.907157,13.656034,13.656034,14.033791,"Jun 05, 2021<br><b>Alpha, Beta & Gamma</b> 13.66M copies","Jun 05, 2021<br><b>Alpha, Beta & Gamma</b> 14.03M copies, 7-day average"
"Alpha, Beta & Gamma",2021-06-07,16.960225,12.720626,12.720626,13.615881,"Jun 07, 2021<br><b>Alpha, Beta & Gamma</b> 12.72M copies","Jun 07, 2021<br><b>Alpha, Beta & Gamma</b> 13.62M copies, 7-day average"
"Alpha, Beta & Gamma",2021-06-08,11.439787,7.651376,7.651376,13.346632,"Jun 08, 2021<br><b>Alpha, Beta & Gamma</b> 7.65M copies","Jun 08, 2021<br><b>Alpha, Beta & Gamma</b> 13.35M copies, 7-day average"
"Alpha, Beta & Gamma",2021-06-09,14.291624,8.337062,8.337062,11.998156,"Jun 09, 2021<br><b>Alpha, Beta & Gamma</b> 8.34M copies","Jun 09, 2021<br><b>Alpha, Beta & Gamma</b> 12M copies, 7-day average"
"Alpha, Beta & Gamma",2021-06-10,14.934898,7.556357,7.556357,11.385235,"Jun 10, 2021<br><b>Alpha, Beta & Gamma</b> 7.56M copies","Jun 10, 2021<br><b>Alpha, Beta & Gamma</b> 11.39M copies, 7-day average"
"Alpha, Beta & Gamma",2021-06-11,11.587984,6.952964,6.952964,10.008964,"Jun 11, 2021<br><b>Alpha, Beta & Gamma</b> 6.95M copies","Jun 11, 2021<br><b>Alpha, Beta & Gamma</b> 10.01M copies, 7-day average"
"Alpha, Beta & Gamma",2021-06-12,12.225707,3.056427,3.056427,8.494735,"Jun 12, 2021<br><b>Alpha, Beta & Gamma</b> 3.06M copies","Jun 12, 2021<br><b>Alpha, Beta & Gamma</b> 8.49M copies, 7-day average"
"Delta",2021-06-12,12.225707,0,0,0,"Jun 12, 2021<br><b>Delta</b> 0M copies","Jun 12, 2021<br><b>Delta</b> 0M copies, 7-day average"
"Alpha, Beta & Gamma",2021-06-13,13.108482,9.25375,9.25375,7.932652,"Jun 13, 2021<br><b>Alpha, Beta & Gamma</b> 9.25M copies","Jun 13, 2021<br><b>Alpha, Beta & Gamma</b> 7.93M copies, 7-day average"
"Alpha, Beta & Gamma",2021-06-14,13.796903,9.739689,9.739689,7.506803,"Jun 14, 2021<br><b>Alpha, Beta & Gamma</b> 9.74M copies","Jun 14, 2021<br><b>Alpha, Beta & Gamma</b> 7.51M copies, 7-day average"
"Alpha, Beta & Gamma",2021-06-15,13.026858,11.398761,11.398761,8.042144,"Jun 15, 2021<br><b>Alpha, Beta & Gamma</b> 11.4M copies","Jun 15, 2021<br><b>Alpha, Beta & Gamma</b> 8.04M copies, 7-day average"
"Alpha, Beta & Gamma",2021-06-16,8.804982,4.402491,4.402491,7.480063,"Jun 16, 2021<br><b>Alpha, Beta & Gamma</b> 4.4M copies","Jun 16, 2021<br><b>Alpha, Beta & Gamma</b> 7.48M copies, 7-day average"
"Delta",2021-06-16,8.804982,3.521931,3.521931,1.760966,"Jun 16, 2021<br><b>Delta</b> 3.52M copies","Jun 16, 2021<br><b>Delta</b> 1.76M copies, 7-day average"
"Delta",2021-06-17,13.975249,3.493491,3.493491,2.338474,"Jun 17, 2021<br><b>Delta</b> 3.49M copies","Jun 17, 2021<br><b>Delta</b> 2.34M copies, 7-day average"
"Alpha, Beta & Gamma",2021-06-18,11.767137,2.715455,2.715455,6.303649,"Jun 18, 2021<br><b>Alpha, Beta & Gamma</b> 2.72M copies","Jun 18, 2021<br><b>Alpha, Beta & Gamma</b> 6.3M copies, 7-day average"
"Delta",2021-06-18,11.767137,2.353121,2.353121,2.342136,"Jun 18, 2021<br><b>Delta</b> 2.35M copies","Jun 18, 2021<br><b>Delta</b> 2.34M copies, 7-day average"
"Alpha, Beta & Gamma",2021-06-19,32.18449,0,0,5.867017,"Jun 19, 2021<br><b>Alpha, Beta & Gamma</b> 0M copies","Jun 19, 2021<br><b>Alpha, Beta & Gamma</b> 5.87M copies, 7-day average"
"Alpha, Beta & Gamma",2021-06-20,14.204264,4.05786,4.05786,5.124747,"Jun 20, 2021<br><b>Alpha, Beta & Gamma</b> 4.06M copies","Jun 20, 2021<br><b>Alpha, Beta & Gamma</b> 5.12M copies, 7-day average"
"Alpha, Beta & Gamma",2021-06-21,7.12996,1.782312,1.782312,3.987979,"Jun 21, 2021<br><b>Alpha, Beta & Gamma</b> 1.78M copies","Jun 21, 2021<br><b>Alpha, Beta & Gamma</b> 3.99M copies, 7-day average"
"Alpha, Beta & Gamma",2021-06-24,10.140689,3.380013,3.380013,2.442566,"Jun 24, 2021<br><b>Alpha, Beta & Gamma</b> 3.38M copies","Jun 24, 2021<br><b>Alpha, Beta & Gamma</b> 2.44M copies, 7-day average"
"Alpha, Beta & Gamma",2021-06-25,16.211659,10.006777,10.006777,3.484184,"Jun 25, 2021<br><b>Alpha, Beta & Gamma</b> 10.01M copies","Jun 25, 2021<br><b>Alpha, Beta & Gamma</b> 3.48M copies, 7-day average"
"Alpha, Beta & Gamma",2021-06-26,6.91476,0.987767,0.987767,3.625293,"Jun 26, 2021<br><b>Alpha, Beta & Gamma</b> 0.99M copies","Jun 26, 2021<br><b>Alpha, Beta & Gamma</b> 3.63M copies, 7-day average"
"Delta",2021-06-26,6.91476,3.45738,3.45738,3.45738,"Jun 26, 2021<br><b>Delta</b> 3.46M copies","Jun 26, 2021<br><b>Delta</b> 3.46M copies, 7-day average"
"Alpha, Beta & Gamma",2021-06-27,7.027095,3.513548,3.513548,3.547534,"Jun 27, 2021<br><b>Alpha, Beta & Gamma</b> 3.51M copies","Jun 27, 2021<br><b>Alpha, Beta & Gamma</b> 3.55M copies, 7-day average"
"Alpha, Beta & Gamma",2021-06-28,13.450574,2.017452,2.017452,3.581126,"Jun 28, 2021<br><b>Alpha, Beta & Gamma</b> 2.02M copies","Jun 28, 2021<br><b>Alpha, Beta & Gamma</b> 3.58M copies, 7-day average"
"Delta",2021-06-28,13.450574,8.967121,8.967121,6.212251,"Jun 28, 2021<br><b>Delta</b> 8.97M copies","Jun 28, 2021<br><b>Delta</b> 6.21M copies, 7-day average"
"Alpha, Beta & Gamma",2021-06-30,10.525565,4.510847,4.510847,3.954364,"Jun 30, 2021<br><b>Alpha, Beta & Gamma</b> 4.51M copies","Jun 30, 2021<br><b>Alpha, Beta & Gamma</b> 3.95M copies, 7-day average"
"Delta",2021-06-30,10.525565,4.510878,4.510878,5.977326,"Jun 30, 2021<br><b>Delta</b> 4.51M copies","Jun 30, 2021<br><b>Delta</b> 5.98M copies, 7-day average"
"Alpha, Beta & Gamma",2021-07-01,7.582866,0,0,3.471505,"Jul 01, 2021<br><b>Alpha, Beta & Gamma</b> 0M copies","Jul 01, 2021<br><b>Alpha, Beta & Gamma</b> 3.47M copies, 7-day average"
"Delta",2021-07-01,7.582866,4.739405,4.739405,5.771006,"Jul 01, 2021<br><b>Delta</b> 4.74M copies","Jul 01, 2021<br><b>Delta</b> 5.77M copies, 7-day average"
"Alpha, Beta & Gamma",2021-07-02,11.495061,2.419457,2.419457,2.387603,"Jul 02, 2021<br><b>Alpha, Beta & Gamma</b> 2.42M copies","Jul 02, 2021<br><b>Alpha, Beta & Gamma</b> 2.39M copies, 7-day average"
"Delta",2021-07-02,11.495061,1.436664,1.436664,5.151814,"Jul 02, 2021<br><b>Delta</b> 1.44M copies","Jul 02, 2021<br><b>Delta</b> 5.15M copies, 7-day average"
"Alpha, Beta & Gamma",2021-07-03,12.490866,4.163418,4.163418,2.841267,"Jul 03, 2021<br><b>Alpha, Beta & Gamma</b> 4.16M copies","Jul 03, 2021<br><b>Alpha, Beta & Gamma</b> 2.84M copies, 7-day average"
"Delta",2021-07-03,12.490866,4.16343,4.16343,5.252678,"Jul 03, 2021<br><b>Delta</b> 4.16M copies","Jul 03, 2021<br><b>Delta</b> 5.25M copies, 7-day average"
"Alpha, Beta & Gamma",2021-07-04,12.142495,1.011397,1.011397,2.483817,"Jul 04, 2021<br><b>Alpha, Beta & Gamma</b> 1.01M copies","Jul 04, 2021<br><b>Alpha, Beta & Gamma</b> 2.48M copies, 7-day average"
"Delta",2021-07-04,12.142495,5.519225,5.519225,5.153675,"Jul 04, 2021<br><b>Delta</b> 5.52M copies","Jul 04, 2021<br><b>Delta</b> 5.15M copies, 7-day average"
"Alpha, Beta & Gamma",2021-07-05,9.083044,0.453989,0.453989,2.260465,"Jul 05, 2021<br><b>Alpha, Beta & Gamma</b> 0.45M copies","Jul 05, 2021<br><b>Alpha, Beta & Gamma</b> 2.26M copies, 7-day average"
"Delta",2021-07-05,9.083044,5.709383,5.709383,4.688284,"Jul 05, 2021<br><b>Delta</b> 5.71M copies","Jul 05, 2021<br><b>Delta</b> 4.69M copies, 7-day average"
"Alpha, Beta & Gamma",2021-07-06,12.9751,0,0,1.794158,"Jul 06, 2021<br><b>Alpha, Beta & Gamma</b> 0M copies","Jul 06, 2021<br><b>Alpha, Beta & Gamma</b> 1.79M copies, 7-day average"
"Delta",2021-07-06,12.9751,6.48755,6.48755,4.652362,"Jul 06, 2021<br><b>Delta</b> 6.49M copies","Jul 06, 2021<br><b>Delta</b> 4.65M copies, 7-day average"
"Delta",2021-07-07,13.205597,13.205597,13.205597,5.894465,"Jul 07, 2021<br><b>Delta</b> 13.21M copies","Jul 07, 2021<br><b>Delta</b> 5.89M copies, 7-day average"
"Alpha, Beta & Gamma",2021-07-08,15.827424,5.275328,5.275328,2.280179,"Jul 08, 2021<br><b>Alpha, Beta & Gamma</b> 5.28M copies","Jul 08, 2021<br><b>Alpha, Beta & Gamma</b> 2.28M copies, 7-day average"
"Delta",2021-07-08,15.827424,15.827424,15.827424,7.478468,"Jul 08, 2021<br><b>Delta</b> 15.83M copies","Jul 08, 2021<br><b>Delta</b> 7.48M copies, 7-day average"
"Alpha, Beta & Gamma",2021-07-10,27.659452,0,0,1.716577,"Jul 10, 2021<br><b>Alpha, Beta & Gamma</b> 0M copies","Jul 10, 2021<br><b>Alpha, Beta & Gamma</b> 1.72M copies, 7-day average"
"Delta",2021-07-10,27.659452,23.050115,23.050115,12.748295,"Jul 10, 2021<br><b>Delta</b> 23.05M copies","Jul 10, 2021<br><b>Delta</b> 12.75M copies, 7-day average"
"Alpha, Beta & Gamma",2021-07-11,23.461581,11.73079,11.73079,3.247919,"Jul 11, 2021<br><b>Alpha, Beta & Gamma</b> 11.73M copies","Jul 11, 2021<br><b>Alpha, Beta & Gamma</b> 3.25M copies, 7-day average"
"Delta",2021-07-11,23.461581,21.115892,21.115892,14.97639,"Jul 11, 2021<br><b>Delta</b> 21.12M copies","Jul 11, 2021<br><b>Delta</b> 14.98M copies, 7-day average"
"Alpha, Beta & Gamma",2021-07-13,18.395126,0,0,4.020977,"Jul 13, 2021<br><b>Alpha, Beta & Gamma</b> 0M copies","Jul 13, 2021<br><b>Alpha, Beta & Gamma</b> 4.02M copies, 7-day average"
"Delta",2021-07-13,18.395126,18.395126,18.395126,18.684062,"Jul 13, 2021<br><b>Delta</b> 18.4M copies","Jul 13, 2021<br><b>Delta</b> 18.68M copies, 7-day average"
"Alpha, Beta & Gamma",2021-07-14,25.661422,1.046242,1.046242,3.793631,"Jul 14, 2021<br><b>Alpha, Beta & Gamma</b> 1.05M copies","Jul 14, 2021<br><b>Alpha, Beta & Gamma</b> 3.79M copies, 7-day average"
"Delta",2021-07-14,25.661422,22.454258,22.454258,20.005299,"Jul 14, 2021<br><b>Delta</b> 22.45M copies","Jul 14, 2021<br><b>Delta</b> 20.01M copies, 7-day average"
"Alpha, Beta & Gamma",2021-07-16,20.981618,1.270647,1.270647,3.010217,"Jul 16, 2021<br><b>Alpha, Beta & Gamma</b> 1.27M copies","Jul 16, 2021<br><b>Alpha, Beta & Gamma</b> 3.01M copies, 7-day average"
"Delta",2021-07-16,20.981618,18.650728,18.650728,20.567731,"Jul 16, 2021<br><b>Delta</b> 18.65M copies","Jul 16, 2021<br><b>Delta</b> 20.57M copies, 7-day average"
"Alpha, Beta & Gamma",2021-07-17,27.893225,1.742155,1.742155,3.259096,"Jul 17, 2021<br><b>Alpha, Beta & Gamma</b> 1.74M copies","Jul 17, 2021<br><b>Alpha, Beta & Gamma</b> 3.26M copies, 7-day average"
"Delta",2021-07-17,27.893225,27.893225,27.893225,21.259604,"Jul 17, 2021<br><b>Delta</b> 27.89M copies","Jul 17, 2021<br><b>Delta</b> 21.26M copies, 7-day average"
"Alpha, Beta & Gamma",2021-07-19,24.973363,1.627114,1.627114,1.218462,"Jul 19, 2021<br><b>Alpha, Beta & Gamma</b> 1.63M copies","Jul 19, 2021<br><b>Alpha, Beta & Gamma</b> 1.22M copies, 7-day average"
"Delta",2021-07-19,24.973363,19.979364,19.979364,21.694498,"Jul 19, 2021<br><b>Delta</b> 19.98M copies","Jul 19, 2021<br><b>Delta</b> 21.69M copies, 7-day average"
"Alpha, Beta & Gamma",2021-07-20,38.283639,3.122146,3.122146,1.664483,"Jul 20, 2021<br><b>Alpha, Beta & Gamma</b> 3.12M copies","Jul 20, 2021<br><b>Alpha, Beta & Gamma</b> 1.66M copies, 7-day average"
"Delta",2021-07-20,38.283639,29.77713,29.77713,23.320499,"Jul 20, 2021<br><b>Delta</b> 29.78M copies","Jul 20, 2021<br><b>Delta</b> 23.32M copies, 7-day average"
"Alpha, Beta & Gamma",2021-07-22,40.514174,0.987209,0.987209,1.784083,"Jul 22, 2021<br><b>Alpha, Beta & Gamma</b> 0.99M copies","Jul 22, 2021<br><b>Alpha, Beta & Gamma</b> 1.78M copies, 7-day average"
"Delta",2021-07-22,40.514174,35.450713,35.450713,26.900197,"Jul 22, 2021<br><b>Delta</b> 35.45M copies","Jul 22, 2021<br><b>Delta</b> 26.9M copies, 7-day average"
"Alpha, Beta & Gamma",2021-07-23,46.015696,0,0,1.602562,"Jul 23, 2021<br><b>Alpha, Beta & Gamma</b> 0M copies","Jul 23, 2021<br><b>Alpha, Beta & Gamma</b> 1.6M copies, 7-day average"
"Delta",2021-07-23,46.015696,36.814444,36.814444,29.495013,"Jul 23, 2021<br><b>Delta</b> 36.81M copies","Jul 23, 2021<br><b>Delta</b> 29.5M copies, 7-day average"
"Alpha, Beta & Gamma",2021-07-25,59.137291,0,0,1.113021,"Jul 25, 2021<br><b>Alpha, Beta & Gamma</b> 0M copies","Jul 25, 2021<br><b>Alpha, Beta & Gamma</b> 1.11M copies, 7-day average"
"Delta",2021-07-25,59.137291,55.324887,55.324887,36.575732,"Jul 25, 2021<br><b>Delta</b> 55.32M copies","Jul 25, 2021<br><b>Delta</b> 36.58M copies, 7-day average"
"Alpha, Beta & Gamma",2021-07-26,43.16794,0,0,0.880576,"Jul 26, 2021<br><b>Alpha, Beta & Gamma</b> 0M copies","Jul 26, 2021<br><b>Alpha, Beta & Gamma</b> 0.88M copies, 7-day average"
"Delta",2021-07-26,43.16794,43.16794,43.16794,39.888386,"Jul 26, 2021<br><b>Delta</b> 43.17M copies","Jul 26, 2021<br><b>Delta</b> 39.89M copies, 7-day average"
"Alpha, Beta & Gamma",2021-07-27,54.236498,1.273419,1.273419,0.616472,"Jul 27, 2021<br><b>Alpha, Beta & Gamma</b> 1.27M copies","Jul 27, 2021<br><b>Alpha, Beta & Gamma</b> 0.62M copies, 7-day average"
"Delta",2021-07-27,54.236498,51.383278,51.383278,42.974978,"Jul 27, 2021<br><b>Delta</b> 51.38M copies","Jul 27, 2021<br><b>Delta</b> 42.97M copies, 7-day average"
"Alpha, Beta & Gamma",2021-07-28,62.103924,0,0,0.322947,"Jul 28, 2021<br><b>Alpha, Beta & Gamma</b> 0M copies","Jul 28, 2021<br><b>Alpha, Beta & Gamma</b> 0.32M copies, 7-day average"
"Delta",2021-07-28,62.103924,60.035429,60.035429,46.892337,"Jul 28, 2021<br><b>Delta</b> 60.04M copies","Jul 28, 2021<br><b>Delta</b> 46.89M copies, 7-day average"
"Alpha, Beta & Gamma",2021-07-29,59.199219,0.608805,0.608805,0.268889,"Jul 29, 2021<br><b>Alpha, Beta & Gamma</b> 0.61M copies","Jul 29, 2021<br><b>Alpha, Beta & Gamma</b> 0.27M copies, 7-day average"
"Delta",2021-07-29,59.199219,55.34233,55.34233,49.733996,"Jul 29, 2021<br><b>Delta</b> 55.34M copies","Jul 29, 2021<br><b>Delta</b> 49.73M copies, 7-day average"
"Alpha, Beta & Gamma",2021-07-31,104.107471,0,0,0.312375,"Jul 31, 2021<br><b>Alpha, Beta & Gamma</b> 0M copies","Jul 31, 2021<br><b>Alpha, Beta & Gamma</b> 0.31M copies, 7-day average"
"Delta",2021-07-31,104.107471,101.220466,101.220466,63.536533,"Jul 31, 2021<br><b>Delta</b> 101.22M copies","Jul 31, 2021<br><b>Delta</b> 63.54M copies, 7-day average"
"Alpha, Beta & Gamma",2021-08-02,85.25072,0,0,0.312375,"Aug 02, 2021<br><b>Alpha, Beta & Gamma</b> 0M copies","Aug 02, 2021<br><b>Alpha, Beta & Gamma</b> 0.31M copies, 7-day average"
"Delta",2021-08-02,85.25072,85.25072,85.25072,74.964174,"Aug 02, 2021<br><b>Delta</b> 85.25M copies","Aug 02, 2021<br><b>Delta</b> 74.96M copies, 7-day average"
"Alpha, Beta & Gamma",2021-08-03,76.441935,0,0,0.130458,"Aug 03, 2021<br><b>Alpha, Beta & Gamma</b> 0M copies","Aug 03, 2021<br><b>Alpha, Beta & Gamma</b> 0.13M copies, 7-day average"
"Delta",2021-08-03,76.441935,70.853418,70.853418,77.745622,"Aug 03, 2021<br><b>Delta</b> 70.85M copies","Aug 03, 2021<br><b>Delta</b> 77.75M copies, 7-day average"
"Alpha, Beta & Gamma",2021-08-05,70.553431,0,0,0.043486,"Aug 05, 2021<br><b>Alpha, Beta & Gamma</b> 0M copies","Aug 05, 2021<br><b>Alpha, Beta & Gamma</b> 0.04M copies, 7-day average"
"Delta",2021-08-05,70.553431,70.553431,70.553431,81.442636,"Aug 05, 2021<br><b>Delta</b> 70.55M copies","Aug 05, 2021<br><b>Delta</b> 81.44M copies, 7-day average"
"Alpha, Beta & Gamma",2021-08-06,84.029885,0.775764,0.775764,0.110823,"Aug 06, 2021<br><b>Alpha, Beta & Gamma</b> 0.78M copies","Aug 06, 2021<br><b>Alpha, Beta & Gamma</b> 0.11M copies, 7-day average"
"Delta",2021-08-06,84.029885,82.281559,82.281559,82.014088,"Aug 06, 2021<br><b>Delta</b> 82.28M copies","Aug 06, 2021<br><b>Delta</b> 82.01M copies, 7-day average"
"Alpha, Beta & Gamma",2021-08-07,88.337188,0.746273,0.746273,0.217434,"Aug 07, 2021<br><b>Alpha, Beta & Gamma</b> 0.75M copies","Aug 07, 2021<br><b>Alpha, Beta & Gamma</b> 0.22M copies, 7-day average"
"Delta",2021-08-07,88.337188,88.337188,88.337188,80.173619,"Aug 07, 2021<br><b>Delta</b> 88.34M copies","Aug 07, 2021<br><b>Delta</b> 80.17M copies, 7-day average"
"Alpha, Beta & Gamma",2021-08-09,63.689079,1.717758,1.717758,0.63883,"Aug 09, 2021<br><b>Alpha, Beta & Gamma</b> 1.72M copies","Aug 09, 2021<br><b>Alpha, Beta & Gamma</b> 0.64M copies, 7-day average"
"Delta",2021-08-09,63.689079,59.946072,59.946072,73.83096,"Aug 09, 2021<br><b>Delta</b> 59.95M copies","Aug 09, 2021<br><b>Delta</b> 73.83M copies, 7-day average"
"Alpha, Beta & Gamma",2021-08-10,75.568817,0.819393,0.819393,0.755886,"Aug 10, 2021<br><b>Alpha, Beta & Gamma</b> 0.82M copies","Aug 10, 2021<br><b>Alpha, Beta & Gamma</b> 0.76M copies, 7-day average"
"Delta",2021-08-10,75.568817,75.568817,75.568817,74.504589,"Aug 10, 2021<br><b>Delta</b> 75.57M copies","Aug 10, 2021<br><b>Delta</b> 74.5M copies, 7-day average"
"Delta",2021-08-11,95.110928,86.056938,86.056938,76.697948,"Aug 11, 2021<br><b>Delta</b> 86.06M copies","Aug 11, 2021<br><b>Delta</b> 76.7M copies, 7-day average"
"Delta",2021-08-12,68.86895,68.86895,68.86895,76.457308,"Aug 12, 2021<br><b>Delta</b> 68.87M copies","Aug 12, 2021<br><b>Delta</b> 76.46M copies, 7-day average"
"Delta",2021-08-13,73.659473,73.659473,73.659473,75.225581,"Aug 13, 2021<br><b>Delta</b> 73.66M copies","Aug 13, 2021<br><b>Delta</b> 75.23M copies, 7-day average"
"Delta",2021-08-14,59.564066,59.564066,59.564066,71.115135,"Aug 14, 2021<br><b>Delta</b> 59.56M copies","Aug 14, 2021<br><b>Delta</b> 71.12M copies, 7-day average"
"Delta",2021-08-15,160.789128,147.028633,147.028633,81.527564,"Aug 15, 2021<br><b>Delta</b> 147.03M copies","Aug 15, 2021<br><b>Delta</b> 81.53M copies, 7-day average"
"Delta",2021-08-16,79.654878,75.953635,75.953635,83.814359,"Aug 16, 2021<br><b>Delta</b> 75.95M copies","Aug 16, 2021<br><b>Delta</b> 83.81M copies, 7-day average"
"Delta",2021-08-17,70.558587,70.558587,70.558587,83.098612,"Aug 17, 2021<br><b>Delta</b> 70.56M copies","Aug 17, 2021<br><b>Delta</b> 83.1M copies, 7-day average"
"Delta",2021-08-18,76.666338,76.666338,76.666338,81.757097,"Aug 18, 2021<br><b>Delta</b> 76.67M copies","Aug 18, 2021<br><b>Delta</b> 81.76M copies, 7-day average"
"Delta",2021-08-19,85.406193,85.406193,85.406193,84.119561,"Aug 19, 2021<br><b>Delta</b> 85.41M copies","Aug 19, 2021<br><b>Delta</b> 84.12M copies, 7-day average"
"Delta",2021-08-20,134.087255,134.087255,134.087255,92.752101,"Aug 20, 2021<br><b>Delta</b> 134.09M copies","Aug 20, 2021<br><b>Delta</b> 92.75M copies, 7-day average"
"Delta",2021-08-21,108.114232,108.114232,108.114232,99.687839,"Aug 21, 2021<br><b>Delta</b> 108.11M copies","Aug 21, 2021<br><b>Delta</b> 99.69M copies, 7-day average"
"Delta",2021-08-22,84.621755,84.621755,84.621755,90.772571,"Aug 22, 2021<br><b>Delta</b> 84.62M copies","Aug 22, 2021<br><b>Delta</b> 90.77M copies, 7-day average"
"Delta",2021-08-23,78.077063,78.077063,78.077063,91.075918,"Aug 23, 2021<br><b>Delta</b> 78.08M copies","Aug 23, 2021<br><b>Delta</b> 91.08M copies, 7-day average"
"Delta",2021-08-24,79.413232,79.413232,79.413232,92.340867,"Aug 24, 2021<br><b>Delta</b> 79.41M copies","Aug 24, 2021<br><b>Delta</b> 92.34M copies, 7-day average"
"Delta",2021-08-25,85.070563,85.070563,85.070563,93.54147,"Aug 25, 2021<br><b>Delta</b> 85.07M copies","Aug 25, 2021<br><b>Delta</b> 93.54M copies, 7-day average"
"Delta",2021-08-26,114.198184,114.198184,114.198184,97.654612,"Aug 26, 2021<br><b>Delta</b> 114.2M copies","Aug 26, 2021<br><b>Delta</b> 97.65M copies, 7-day average"
"Delta",2021-08-27,101.769555,101.769555,101.769555,93.037798,"Aug 27, 2021<br><b>Delta</b> 101.77M copies","Aug 27, 2021<br><b>Delta</b> 93.04M copies, 7-day average"
"Delta",2021-08-28,93.55467,93.55467,93.55467,90.95786,"Aug 28, 2021<br><b>Delta</b> 93.55M copies","Aug 28, 2021<br><b>Delta</b> 90.96M copies, 7-day average"
"Delta",2021-08-29,91.882389,91.882389,91.882389,91.995094,"Aug 29, 2021<br><b>Delta</b> 91.88M copies","Aug 29, 2021<br><b>Delta</b> 92M copies, 7-day average"
"Delta",2021-08-30,81.426999,81.426999,81.426999,92.473656,"Aug 30, 2021<br><b>Delta</b> 81.43M copies","Aug 30, 2021<br><b>Delta</b> 92.47M copies, 7-day average"
"Delta",2021-08-31,81.994177,73.368718,73.368718,91.610154,"Aug 31, 2021<br><b>Delta</b> 73.37M copies","Aug 31, 2021<br><b>Delta</b> 91.61M copies, 7-day average"
"Delta",2021-09-01,104.76195,95.246108,95.246108,93.063803,"Sep 01, 2021<br><b>Delta</b> 95.25M copies","Sep 01, 2021<br><b>Delta</b> 93.06M copies, 7-day average"
"Delta",2021-09-02,95.37391,95.37391,95.37391,90.374621,"Sep 02, 2021<br><b>Delta</b> 95.37M copies","Sep 02, 2021<br><b>Delta</b> 90.37M copies, 7-day average"
"Delta",2021-09-03,87.93432,79.146516,79.146516,87.142759,"Sep 03, 2021<br><b>Delta</b> 79.15M copies","Sep 03, 2021<br><b>Delta</b> 87.14M copies, 7-day average"
"Delta",2021-09-04,80.347696,80.347696,80.347696,85.256048,"Sep 04, 2021<br><b>Delta</b> 80.35M copies","Sep 04, 2021<br><b>Delta</b> 85.26M copies, 7-day average"
"Delta",2021-09-05,86.727081,86.727081,86.727081,84.519575,"Sep 05, 2021<br><b>Delta</b> 86.73M copies","Sep 05, 2021<br><b>Delta</b> 84.52M copies, 7-day average"
"Delta",2021-09-06,92.773554,87.157785,87.157785,85.338259,"Sep 06, 2021<br><b>Delta</b> 87.16M copies","Sep 06, 2021<br><b>Delta</b> 85.34M copies, 7-day average"
"Delta",2021-09-07,89.068625,89.068625,89.068625,87.581103,"Sep 07, 2021<br><b>Delta</b> 89.07M copies","Sep 07, 2021<br><b>Delta</b> 87.58M copies, 7-day average"
"Delta",2021-09-08,139.917256,139.917256,139.917256,93.962696,"Sep 08, 2021<br><b>Delta</b> 139.92M copies","Sep 08, 2021<br><b>Delta</b> 93.96M copies, 7-day average"
"Delta",2021-09-09,96.234992,63.233415,63.233415,89.371196,"Sep 09, 2021<br><b>Delta</b> 63.23M copies","Sep 09, 2021<br><b>Delta</b> 89.37M copies, 7-day average"
"Delta",2021-09-10,94.80241,94.80241,94.80241,91.607752,"Sep 10, 2021<br><b>Delta</b> 94.8M copies","Sep 10, 2021<br><b>Delta</b> 91.61M copies, 7-day average"
"Delta",2021-09-11,108.354564,105.428882,105.428882,95.190779,"Sep 11, 2021<br><b>Delta</b> 105.43M copies","Sep 11, 2021<br><b>Delta</b> 95.19M copies, 7-day average"
"Delta",2021-09-12,102.186017,102.186017,102.186017,97.399198,"Sep 12, 2021<br><b>Delta</b> 102.19M copies","Sep 12, 2021<br><b>Delta</b> 97.4M copies, 7-day average"
"Delta",2021-09-13,81.834421,75.776464,75.776464,95.773295,"Sep 13, 2021<br><b>Delta</b> 75.78M copies","Sep 13, 2021<br><b>Delta</b> 95.77M copies, 7-day average"
"Delta",2021-09-14,87.248759,49.860659,49.860659,90.172157,"Sep 14, 2021<br><b>Delta</b> 49.86M copies","Sep 14, 2021<br><b>Delta</b> 90.17M copies, 7-day average"
"Delta",2021-09-15,76.893079,74.760603,74.760603,80.864064,"Sep 15, 2021<br><b>Delta</b> 74.76M copies","Sep 15, 2021<br><b>Delta</b> 80.86M copies, 7-day average"
"Delta",2021-09-16,108.802065,108.802065,108.802065,87.373871,"Sep 16, 2021<br><b>Delta</b> 108.8M copies","Sep 16, 2021<br><b>Delta</b> 87.37M copies, 7-day average"
"Delta",2021-09-17,111.746823,111.746823,111.746823,89.794502,"Sep 17, 2021<br><b>Delta</b> 111.75M copies","Sep 17, 2021<br><b>Delta</b> 89.79M copies, 7-day average"
"Delta",2021-09-18,119.414951,119.414951,119.414951,91.792512,"Sep 18, 2021<br><b>Delta</b> 119.41M copies","Sep 18, 2021<br><b>Delta</b> 91.79M copies, 7-day average"
"Delta",2021-09-19,108.227036,108.227036,108.227036,92.655515,"Sep 19, 2021<br><b>Delta</b> 108.23M copies","Sep 19, 2021<br><b>Delta</b> 92.66M copies, 7-day average"
"Delta",2021-09-20,111.808073,111.808073,111.808073,97.802887,"Sep 20, 2021<br><b>Delta</b> 111.81M copies","Sep 20, 2021<br><b>Delta</b> 97.8M copies, 7-day average"
"Delta",2021-09-21,107.504024,107.504024,107.504024,106.037654,"Sep 21, 2021<br><b>Delta</b> 107.5M copies","Sep 21, 2021<br><b>Delta</b> 106.04M copies, 7-day average"
"Delta",2021-09-23,102.486407,102.486407,102.486407,109.454647,"Sep 23, 2021<br><b>Delta</b> 102.49M copies","Sep 23, 2021<br><b>Delta</b> 109.45M copies, 7-day average"
"Delta",2021-09-24,134.795182,132.845235,132.845235,112.468706,"Sep 24, 2021<br><b>Delta</b> 132.85M copies","Sep 24, 2021<br><b>Delta</b> 112.47M copies, 7-day average"
"Delta",2021-09-25,106.339871,102.614041,102.614041,110.068576,"Sep 25, 2021<br><b>Delta</b> 102.61M copies","Sep 25, 2021<br><b>Delta</b> 110.07M copies, 7-day average"
"Delta",2021-09-26,90.319469,90.319469,90.319469,107.510352,"Sep 26, 2021<br><b>Delta</b> 90.32M copies","Sep 26, 2021<br><b>Delta</b> 107.51M copies, 7-day average"
"Delta",2021-09-27,201.210978,199.370098,199.370098,120.019213,"Sep 27, 2021<br><b>Delta</b> 199.37M copies","Sep 27, 2021<br><b>Delta</b> 120.02M copies, 7-day average"
"Delta",2021-09-28,117.619002,117.619002,117.619002,121.46421,"Sep 28, 2021<br><b>Delta</b> 117.62M copies","Sep 28, 2021<br><b>Delta</b> 121.46M copies, 7-day average"
"Delta",2021-09-29,90.841974,90.841974,90.841974,119.442318,"Sep 29, 2021<br><b>Delta</b> 90.84M copies","Sep 29, 2021<br><b>Delta</b> 119.44M copies, 7-day average"
"Delta",2021-09-30,134.540133,131.485668,131.485668,123.58507,"Sep 30, 2021<br><b>Delta</b> 131.49M copies","Sep 30, 2021<br><b>Delta</b> 123.59M copies, 7-day average"
"Delta",2021-10-01,162.936078,162.936078,162.936078,127.883761,"Oct 01, 2021<br><b>Delta</b> 162.94M copies","Oct 01, 2021<br><b>Delta</b> 127.88M copies, 7-day average"
"Delta",2021-10-02,129.028002,129.028002,129.028002,131.657184,"Oct 02, 2021<br><b>Delta</b> 129.03M copies","Oct 02, 2021<br><b>Delta</b> 131.66M copies, 7-day average"
"Delta",2021-10-03,104.570552,104.570552,104.570552,133.693053,"Oct 03, 2021<br><b>Delta</b> 104.57M copies","Oct 03, 2021<br><b>Delta</b> 133.69M copies, 7-day average"
"Delta",2021-10-04,126.422164,126.422164,126.422164,123.27192,"Oct 04, 2021<br><b>Delta</b> 126.42M copies","Oct 04, 2021<br><b>Delta</b> 123.27M copies, 7-day average"
"Delta",2021-10-05,103.309533,103.309533,103.309533,121.22771,"Oct 05, 2021<br><b>Delta</b> 103.31M copies","Oct 05, 2021<br><b>Delta</b> 121.23M copies, 7-day average"
"Delta",2021-10-06,110.369923,108.436904,108.436904,123.741272,"Oct 06, 2021<br><b>Delta</b> 108.44M copies","Oct 06, 2021<br><b>Delta</b> 123.74M copies, 7-day average"
"Delta",2021-10-07,119.512184,119.512184,119.512184,122.030774,"Oct 07, 2021<br><b>Delta</b> 119.51M copies","Oct 07, 2021<br><b>Delta</b> 122.03M copies, 7-day average"
"Delta",2021-10-08,143.46159,143.46159,143.46159,119.248704,"Oct 08, 2021<br><b>Delta</b> 143.46M copies","Oct 08, 2021<br><b>Delta</b> 119.25M copies, 7-day average"
"Delta",2021-10-09,113.579889,113.579889,113.579889,117.041831,"Oct 09, 2021<br><b>Delta</b> 113.58M copies","Oct 09, 2021<br><b>Delta</b> 117.04M copies, 7-day average"
"Delta",2021-10-10,112.007778,110.233015,110.233015,117.850754,"Oct 10, 2021<br><b>Delta</b> 110.23M copies","Oct 10, 2021<br><b>Delta</b> 117.85M copies, 7-day average"
"Delta",2021-10-11,109.295996,109.295996,109.295996,115.404159,"Oct 11, 2021<br><b>Delta</b> 109.3M copies","Oct 11, 2021<br><b>Delta</b> 115.4M copies, 7-day average"
"Delta",2021-10-12,129.530578,129.530578,129.530578,119.150022,"Oct 12, 2021<br><b>Delta</b> 129.53M copies","Oct 12, 2021<br><b>Delta</b> 119.15M copies, 7-day average"
"Delta",2021-10-13,124.450139,124.450139,124.450139,121.437627,"Oct 13, 2021<br><b>Delta</b> 124.45M copies","Oct 13, 2021<br><b>Delta</b> 121.44M copies, 7-day average"
"Delta",2021-10-14,90.459228,90.459228,90.459228,117.287205,"Oct 14, 2021<br><b>Delta</b> 90.46M copies","Oct 14, 2021<br><b>Delta</b> 117.29M copies, 7-day average"
"Delta",2021-10-15,109.447181,107.816637,107.816637,112.195069,"Oct 15, 2021<br><b>Delta</b> 107.82M copies","Oct 15, 2021<br><b>Delta</b> 112.2M copies, 7-day average"
"Delta",2021-10-16,94.275579,94.275579,94.275579,109.43731,"Oct 16, 2021<br><b>Delta</b> 94.28M copies","Oct 16, 2021<br><b>Delta</b> 109.44M copies, 7-day average"
"Delta",2021-10-17,102.288609,102.288609,102.288609,108.302395,"Oct 17, 2021<br><b>Delta</b> 102.29M copies","Oct 17, 2021<br><b>Delta</b> 108.3M copies, 7-day average"
"Delta",2021-10-18,104.147424,104.147424,104.147424,107.566885,"Oct 18, 2021<br><b>Delta</b> 104.15M copies","Oct 18, 2021<br><b>Delta</b> 107.57M copies, 7-day average"
"Delta",2021-10-19,110.054886,110.054886,110.054886,104.784643,"Oct 19, 2021<br><b>Delta</b> 110.05M copies","Oct 19, 2021<br><b>Delta</b> 104.78M copies, 7-day average"
"Delta",2021-10-20,109.859321,109.859321,109.859321,102.700241,"Oct 20, 2021<br><b>Delta</b> 109.86M copies","Oct 20, 2021<br><b>Delta</b> 102.7M copies, 7-day average"
"Delta",2021-10-21,234.763528,233.303533,233.303533,123.10657,"Oct 21, 2021<br><b>Delta</b> 233.3M copies","Oct 21, 2021<br><b>Delta</b> 123.11M copies, 7-day average"
"Delta",2021-10-22,119.098449,119.098449,119.098449,124.718257,"Oct 22, 2021<br><b>Delta</b> 119.1M copies","Oct 22, 2021<br><b>Delta</b> 124.72M copies, 7-day average"
"Delta",2021-10-23,124.210368,124.210368,124.210368,128.994656,"Oct 23, 2021<br><b>Delta</b> 124.21M copies","Oct 23, 2021<br><b>Delta</b> 128.99M copies, 7-day average"
"Delta",2021-10-24,131.814614,131.814614,131.814614,133.212656,"Oct 24, 2021<br><b>Delta</b> 131.81M copies","Oct 24, 2021<br><b>Delta</b> 133.21M copies, 7-day average"
"Delta",2021-10-25,140.448958,140.448958,140.448958,138.39859,"Oct 25, 2021<br><b>Delta</b> 140.45M copies","Oct 25, 2021<br><b>Delta</b> 138.4M copies, 7-day average"
"Delta",2021-10-26,149.808537,148.268655,148.268655,143.8577,"Oct 26, 2021<br><b>Delta</b> 148.27M copies","Oct 26, 2021<br><b>Delta</b> 143.86M copies, 7-day average"
"Delta",2021-10-27,164.853897,164.853897,164.853897,151.714068,"Oct 27, 2021<br><b>Delta</b> 164.85M copies","Oct 27, 2021<br><b>Delta</b> 151.71M copies, 7-day average"
"Delta",2021-10-28,244.903724,244.903724,244.903724,153.371238,"Oct 28, 2021<br><b>Delta</b> 244.9M copies","Oct 28, 2021<br><b>Delta</b> 153.37M copies, 7-day average"
"Delta",2021-10-29,121.506612,121.506612,121.506612,153.715261,"Oct 29, 2021<br><b>Delta</b> 121.51M copies","Oct 29, 2021<br><b>Delta</b> 153.72M copies, 7-day average"
"Delta",2021-10-30,181.580012,180.032406,180.032406,161.689838,"Oct 30, 2021<br><b>Delta</b> 180.03M copies","Oct 30, 2021<br><b>Delta</b> 161.69M copies, 7-day average"
"Delta",2021-10-31,154.611996,154.611996,154.611996,164.946607,"Oct 31, 2021<br><b>Delta</b> 154.61M copies","Oct 31, 2021<br><b>Delta</b> 164.95M copies, 7-day average"
"Delta",2021-11-01,170.62957,170.62957,170.62957,169.258123,"Nov 01, 2021<br><b>Delta</b> 170.63M copies","Nov 01, 2021<br><b>Delta</b> 169.26M copies, 7-day average"
"Delta",2021-11-02,171.368009,171.368009,171.368009,172.55803,"Nov 02, 2021<br><b>Delta</b> 171.37M copies","Nov 02, 2021<br><b>Delta</b> 172.56M copies, 7-day average"
"Delta",2021-11-03,198.809058,198.809058,198.809058,177.408768,"Nov 03, 2021<br><b>Delta</b> 198.81M copies","Nov 03, 2021<br><b>Delta</b> 177.41M copies, 7-day average"
"Delta",2021-11-04,239.219679,239.219679,239.219679,176.596761,"Nov 04, 2021<br><b>Delta</b> 239.22M copies","Nov 04, 2021<br><b>Delta</b> 176.6M copies, 7-day average"
"Delta",2021-11-05,221.269278,221.269278,221.269278,190.848571,"Nov 05, 2021<br><b>Delta</b> 221.27M copies","Nov 05, 2021<br><b>Delta</b> 190.85M copies, 7-day average"
"Delta",2021-11-06,202.232497,202.232497,202.232497,194.020012,"Nov 06, 2021<br><b>Delta</b> 202.23M copies","Nov 06, 2021<br><b>Delta</b> 194.02M copies, 7-day average"
"Delta",2021-11-07,182.655001,182.655001,182.655001,198.026156,"Nov 07, 2021<br><b>Delta</b> 182.66M copies","Nov 07, 2021<br><b>Delta</b> 198.03M copies, 7-day average"
"Delta",2021-11-08,227.474765,227.474765,227.474765,206.146898,"Nov 08, 2021<br><b>Delta</b> 227.47M copies","Nov 08, 2021<br><b>Delta</b> 206.15M copies, 7-day average"
"Delta",2021-11-09,236.382178,236.382178,236.382178,215.434637,"Nov 09, 2021<br><b>Delta</b> 236.38M copies","Nov 09, 2021<br><b>Delta</b> 215.43M copies, 7-day average"
"Delta",2021-11-10,243.734607,243.734607,243.734607,221.852572,"Nov 10, 2021<br><b>Delta</b> 243.73M copies","Nov 10, 2021<br><b>Delta</b> 221.85M copies, 7-day average"
"Delta",2021-11-11,276.518762,276.518762,276.518762,227.181012,"Nov 11, 2021<br><b>Delta</b> 276.52M copies","Nov 11, 2021<br><b>Delta</b> 227.18M copies, 7-day average"
"Delta",2021-11-12,302.614391,300.549955,300.549955,238.506823,"Nov 12, 2021<br><b>Delta</b> 300.55M copies","Nov 12, 2021<br><b>Delta</b> 238.51M copies, 7-day average"
"Delta",2021-11-13,263.429347,263.429347,263.429347,247.249231,"Nov 13, 2021<br><b>Delta</b> 263.43M copies","Nov 13, 2021<br><b>Delta</b> 247.25M copies, 7-day average"
"Delta",2021-11-14,288.787206,288.787206,288.787206,262.410974,"Nov 14, 2021<br><b>Delta</b> 288.79M copies","Nov 14, 2021<br><b>Delta</b> 262.41M copies, 7-day average"
"Delta",2021-11-16,261.710531,261.710531,261.710531,272.854182,"Nov 16, 2021<br><b>Delta</b> 261.71M copies","Nov 16, 2021<br><b>Delta</b> 272.85M copies, 7-day average"
"Delta",2021-11-17,313.591924,313.591924,313.591924,282.833799,"Nov 17, 2021<br><b>Delta</b> 313.59M copies","Nov 17, 2021<br><b>Delta</b> 282.83M copies, 7-day average"
"Delta",2021-11-18,291.955827,291.120834,291.120834,284.919809,"Nov 18, 2021<br><b>Delta</b> 291.12M copies","Nov 18, 2021<br><b>Delta</b> 284.92M copies, 7-day average"
"Omicron BA.1",2021-11-18,291.955827,0.339253,0.339253,0.339253,"Nov 18, 2021<br><b>Omicron BA.1</b> 0.34M copies","Nov 18, 2021<br><b>Omicron BA.1</b> 0.34M copies, 7-day average"
"Delta",2021-11-19,548.320672,548.320672,548.320672,320.315626,"Nov 19, 2021<br><b>Delta</b> 548.32M copies","Nov 19, 2021<br><b>Delta</b> 320.32M copies, 7-day average"
"Omicron BA.1",2021-11-19,548.320672,0,0,0.169626,"Nov 19, 2021<br><b>Omicron BA.1</b> 0M copies","Nov 19, 2021<br><b>Omicron BA.1</b> 0.17M copies, 7-day average"
"Delta",2021-11-20,369.427875,367.314378,367.314378,335.156345,"Nov 20, 2021<br><b>Delta</b> 367.31M copies","Nov 20, 2021<br><b>Delta</b> 335.16M copies, 7-day average"
"Omicron BA.1",2021-11-20,369.427875,0,0,0.113084,"Nov 20, 2021<br><b>Omicron BA.1</b> 0M copies","Nov 20, 2021<br><b>Omicron BA.1</b> 0.11M copies, 7-day average"
"Delta",2021-11-21,242.439824,242.439824,242.439824,328.53529,"Nov 21, 2021<br><b>Delta</b> 242.44M copies","Nov 21, 2021<br><b>Delta</b> 328.54M copies, 7-day average"
"Omicron BA.1",2021-11-21,242.439824,0.925393,0.925393,0.316161,"Nov 21, 2021<br><b>Omicron BA.1</b> 0.93M copies","Nov 21, 2021<br><b>Omicron BA.1</b> 0.32M copies, 7-day average"
"Delta",2021-11-22,210.306328,210.306328,210.306328,319.257784,"Nov 22, 2021<br><b>Delta</b> 210.31M copies","Nov 22, 2021<br><b>Delta</b> 319.26M copies, 7-day average"
"Omicron BA.1",2021-11-22,210.306328,0,0,0.252929,"Nov 22, 2021<br><b>Omicron BA.1</b> 0M copies","Nov 22, 2021<br><b>Omicron BA.1</b> 0.25M copies, 7-day average"
"Delta",2021-11-23,383.870767,382.524533,382.524533,336.516928,"Nov 23, 2021<br><b>Delta</b> 382.52M copies","Nov 23, 2021<br><b>Delta</b> 336.52M copies, 7-day average"
"Omicron BA.1",2021-11-23,383.870767,0,0,0.210774,"Nov 23, 2021<br><b>Omicron BA.1</b> 0M copies","Nov 23, 2021<br><b>Omicron BA.1</b> 0.21M copies, 7-day average"
"Delta",2021-11-24,338.891229,338.891229,338.891229,340.131114,"Nov 24, 2021<br><b>Delta</b> 338.89M copies","Nov 24, 2021<br><b>Delta</b> 340.13M copies, 7-day average"
"Omicron BA.1",2021-11-24,338.891229,0,0,0.180664,"Nov 24, 2021<br><b>Omicron BA.1</b> 0M copies","Nov 24, 2021<br><b>Omicron BA.1</b> 0.18M copies, 7-day average"
"Delta",2021-11-25,420.065468,420.065468,420.065468,358.551776,"Nov 25, 2021<br><b>Delta</b> 420.07M copies","Nov 25, 2021<br><b>Delta</b> 358.55M copies, 7-day average"
"Omicron BA.1",2021-11-25,420.065468,0,0,0.132199,"Nov 25, 2021<br><b>Omicron BA.1</b> 0M copies","Nov 25, 2021<br><b>Omicron BA.1</b> 0.13M copies, 7-day average"
"Delta",2021-11-26,339.469872,339.469872,339.469872,328.715947,"Nov 26, 2021<br><b>Delta</b> 339.47M copies","Nov 26, 2021<br><b>Delta</b> 328.72M copies, 7-day average"
"Omicron BA.1",2021-11-26,339.469872,0,0,0.132199,"Nov 26, 2021<br><b>Omicron BA.1</b> 0M copies","Nov 26, 2021<br><b>Omicron BA.1</b> 0.13M copies, 7-day average"
"Delta",2021-11-27,309.049673,308.030737,308.030737,320.246856,"Nov 27, 2021<br><b>Delta</b> 308.03M copies","Nov 27, 2021<br><b>Delta</b> 320.25M copies, 7-day average"
"Omicron BA.1",2021-11-27,309.049673,0,0,0.132199,"Nov 27, 2021<br><b>Omicron BA.1</b> 0M copies","Nov 27, 2021<br><b>Omicron BA.1</b> 0.13M copies, 7-day average"
"Delta",2021-11-28,331.613763,331.613763,331.613763,332.98599,"Nov 28, 2021<br><b>Delta</b> 331.61M copies","Nov 28, 2021<br><b>Delta</b> 332.99M copies, 7-day average"
"Omicron BA.1",2021-11-28,331.613763,1.082056,1.082056,0.154579,"Nov 28, 2021<br><b>Omicron BA.1</b> 1.08M copies","Nov 28, 2021<br><b>Omicron BA.1</b> 0.15M copies, 7-day average"
"Delta",2021-11-29,392.485542,392.485542,392.485542,359.011592,"Nov 29, 2021<br><b>Delta</b> 392.49M copies","Nov 29, 2021<br><b>Delta</b> 359.01M copies, 7-day average"
"Omicron BA.1",2021-11-29,392.485542,1.123294,1.123294,0.31505,"Nov 29, 2021<br><b>Omicron BA.1</b> 1.12M copies","Nov 29, 2021<br><b>Omicron BA.1</b> 0.32M copies, 7-day average"
"Delta",2021-11-30,350.553387,350.553387,350.553387,354.444285,"Nov 30, 2021<br><b>Delta</b> 350.55M copies","Nov 30, 2021<br><b>Delta</b> 354.44M copies, 7-day average"
"Omicron BA.1",2021-11-30,350.553387,0,0,0.31505,"Nov 30, 2021<br><b>Omicron BA.1</b> 0M copies","Nov 30, 2021<br><b>Omicron BA.1</b> 0.32M copies, 7-day average"
"Delta",2021-12-01,414.269057,412.928896,412.928896,365.021095,"Dec 01, 2021<br><b>Delta</b> 412.93M copies","Dec 01, 2021<br><b>Delta</b> 365.02M copies, 7-day average"
"Omicron BA.1",2021-12-01,414.269057,0.294131,0.294131,0.357069,"Dec 01, 2021<br><b>Omicron BA.1</b> 0.29M copies","Dec 01, 2021<br><b>Omicron BA.1</b> 0.36M copies, 7-day average"
"Delta",2021-12-02,337.3554,330.159272,330.159272,352.177353,"Dec 02, 2021<br><b>Delta</b> 330.16M copies","Dec 02, 2021<br><b>Delta</b> 352.18M copies, 7-day average"
"Omicron BA.1",2021-12-02,337.3554,0,0,0.357069,"Dec 02, 2021<br><b>Omicron BA.1</b> 0M copies","Dec 02, 2021<br><b>Omicron BA.1</b> 0.36M copies, 7-day average"
"Delta",2021-12-03,385.840834,385.840834,385.840834,358.801776,"Dec 03, 2021<br><b>Delta</b> 385.84M copies","Dec 03, 2021<br><b>Delta</b> 358.8M copies, 7-day average"
"Omicron BA.1",2021-12-03,385.840834,1.171799,1.171799,0.524468,"Dec 03, 2021<br><b>Omicron BA.1</b> 1.17M copies","Dec 03, 2021<br><b>Omicron BA.1</b> 0.52M copies, 7-day average"
"Delta",2021-12-04,345.420997,343.172652,343.172652,363.822049,"Dec 04, 2021<br><b>Delta</b> 343.17M copies","Dec 04, 2021<br><b>Delta</b> 363.82M copies, 7-day average"
"Omicron BA.1",2021-12-04,345.420997,1.006557,1.006557,0.668262,"Dec 04, 2021<br><b>Omicron BA.1</b> 1.01M copies","Dec 04, 2021<br><b>Omicron BA.1</b> 0.67M copies, 7-day average"
"Delta",2021-12-05,305.882292,305.882292,305.882292,360.146125,"Dec 05, 2021<br><b>Delta</b> 305.88M copies","Dec 05, 2021<br><b>Delta</b> 360.15M copies, 7-day average"
"Omicron BA.1",2021-12-05,305.882292,0,0,0.513683,"Dec 05, 2021<br><b>Omicron BA.1</b> 0M copies","Dec 05, 2021<br><b>Omicron BA.1</b> 0.51M copies, 7-day average"
"Delta",2021-12-06,373.761598,368.601445,368.601445,356.734111,"Dec 06, 2021<br><b>Delta</b> 368.6M copies","Dec 06, 2021<br><b>Delta</b> 356.73M copies, 7-day average"
"Omicron BA.1",2021-12-06,373.761598,1.873293,1.873293,0.620826,"Dec 06, 2021<br><b>Omicron BA.1</b> 1.87M copies","Dec 06, 2021<br><b>Omicron BA.1</b> 0.62M copies, 7-day average"
"Delta",2021-12-07,331.458152,331.458152,331.458152,354.00622,"Dec 07, 2021<br><b>Delta</b> 331.46M copies","Dec 07, 2021<br><b>Delta</b> 354.01M copies, 7-day average"
"Omicron BA.1",2021-12-07,331.458152,1.080885,1.080885,0.775238,"Dec 07, 2021<br><b>Omicron BA.1</b> 1.08M copies","Dec 07, 2021<br><b>Omicron BA.1</b> 0.78M copies, 7-day average"
"Delta",2021-12-09,362.42878,362.42878,362.42878,349.18966,"Dec 09, 2021<br><b>Delta</b> 362.43M copies","Dec 09, 2021<br><b>Delta</b> 349.19M copies, 7-day average"
"Omicron BA.1",2021-12-09,362.42878,2.704444,2.704444,1.389949,"Dec 09, 2021<br><b>Omicron BA.1</b> 2.7M copies","Dec 09, 2021<br><b>Omicron BA.1</b> 1.39M copies, 7-day average"
"Delta",2021-12-10,332.080651,302.861871,302.861871,337.335523,"Dec 10, 2021<br><b>Delta</b> 302.86M copies","Dec 10, 2021<br><b>Delta</b> 337.34M copies, 7-day average"
"Omicron BA.1",2021-12-10,332.080651,18.960809,18.960809,3.931236,"Dec 10, 2021<br><b>Omicron BA.1</b> 18.96M copies","Dec 10, 2021<br><b>Omicron BA.1</b> 3.93M copies, 7-day average"
"Delta",2021-12-11,335.510411,327.719523,327.719523,335.127933,"Dec 11, 2021<br><b>Delta</b> 327.72M copies","Dec 11, 2021<br><b>Delta</b> 335.13M copies, 7-day average"
"Omicron BA.1",2021-12-11,335.510411,3.77617,3.77617,4.326895,"Dec 11, 2021<br><b>Omicron BA.1</b> 3.78M copies","Dec 11, 2021<br><b>Omicron BA.1</b> 4.33M copies, 7-day average"
"Delta",2021-12-12,278.10207,269.756783,269.756783,329.967146,"Dec 12, 2021<br><b>Delta</b> 269.76M copies","Dec 12, 2021<br><b>Delta</b> 329.97M copies, 7-day average"
"Omicron BA.1",2021-12-12,278.10207,6.664716,6.664716,5.278997,"Dec 12, 2021<br><b>Omicron BA.1</b> 6.66M copies","Dec 12, 2021<br><b>Omicron BA.1</b> 5.28M copies, 7-day average"
"Delta",2021-12-13,352.158967,315.846095,315.846095,322.430667,"Dec 13, 2021<br><b>Delta</b> 315.85M copies","Dec 13, 2021<br><b>Delta</b> 322.43M copies, 7-day average"
"Omicron BA.1",2021-12-13,352.158967,18.682385,18.682385,7.680296,"Dec 13, 2021<br><b>Omicron BA.1</b> 18.68M copies","Dec 13, 2021<br><b>Omicron BA.1</b> 7.68M copies, 7-day average"
"Delta",2021-12-14,347.952433,317.92379,317.92379,320.497187,"Dec 14, 2021<br><b>Delta</b> 317.92M copies","Dec 14, 2021<br><b>Delta</b> 320.5M copies, 7-day average"
"Omicron BA.1",2021-12-14,347.952433,23.331602,23.331602,10.85897,"Dec 14, 2021<br><b>Omicron BA.1</b> 23.33M copies","Dec 14, 2021<br><b>Omicron BA.1</b> 10.86M copies, 7-day average"
"Delta",2021-12-15,567.09366,477.514411,477.514411,339.150179,"Dec 15, 2021<br><b>Delta</b> 477.51M copies","Dec 15, 2021<br><b>Delta</b> 339.15M copies, 7-day average"
"Omicron BA.1",2021-12-15,567.09366,65.790804,65.790804,19.987276,"Dec 15, 2021<br><b>Omicron BA.1</b> 65.79M copies","Dec 15, 2021<br><b>Omicron BA.1</b> 19.99M copies, 7-day average"
"Delta",2021-12-16,309.259994,252.499652,252.499652,323.446018,"Dec 16, 2021<br><b>Delta</b> 252.5M copies","Dec 16, 2021<br><b>Delta</b> 323.45M copies, 7-day average"
"Omicron BA.1",2021-12-16,309.259994,45.842227,45.842227,26.149816,"Dec 16, 2021<br><b>Omicron BA.1</b> 45.84M copies","Dec 16, 2021<br><b>Omicron BA.1</b> 26.15M copies, 7-day average"
"Delta",2021-12-17,291.443529,220.893502,220.893502,311.736251,"Dec 17, 2021<br><b>Delta</b> 220.89M copies","Dec 17, 2021<br><b>Delta</b> 311.74M copies, 7-day average"
"Omicron BA.1",2021-12-17,291.443529,43.72265,43.72265,29.687222,"Dec 17, 2021<br><b>Omicron BA.1</b> 43.72M copies","Dec 17, 2021<br><b>Omicron BA.1</b> 29.69M copies, 7-day average"
"Delta",2021-12-18,232.131971,156.410754,156.410754,287.26357,"Dec 18, 2021<br><b>Delta</b> 156.41M copies","Dec 18, 2021<br><b>Delta</b> 287.26M copies, 7-day average"
"Omicron BA.1",2021-12-18,232.131971,59.798124,59.798124,37.690358,"Dec 18, 2021<br><b>Omicron BA.1</b> 59.8M copies","Dec 18, 2021<br><b>Omicron BA.1</b> 37.69M copies, 7-day average"
"Delta",2021-12-19,307.260827,180.7004,180.7004,274.541229,"Dec 19, 2021<br><b>Delta</b> 180.7M copies","Dec 19, 2021<br><b>Delta</b> 274.54M copies, 7-day average"
"Omicron BA.1",2021-12-19,307.260827,84.735469,84.735469,48.843323,"Dec 19, 2021<br><b>Omicron BA.1</b> 84.74M copies","Dec 19, 2021<br><b>Omicron BA.1</b> 48.84M copies, 7-day average"
"Delta",2021-12-20,325.405948,170.997572,170.997572,253.848583,"Dec 20, 2021<br><b>Delta</b> 171M copies","Dec 20, 2021<br><b>Delta</b> 253.85M copies, 7-day average"
"Omicron BA.1",2021-12-20,325.405948,113.232484,113.232484,62.35048,"Dec 20, 2021<br><b>Omicron BA.1</b> 113.23M copies","Dec 20, 2021<br><b>Omicron BA.1</b> 62.35M copies, 7-day average"
"Delta",2021-12-21,364.902251,149.090302,149.090302,229.729513,"Dec 21, 2021<br><b>Delta</b> 149.09M copies","Dec 21, 2021<br><b>Delta</b> 229.73M copies, 7-day average"
"Omicron BA.1",2021-12-21,364.902251,162.961331,162.961331,82.297584,"Dec 21, 2021<br><b>Omicron BA.1</b> 162.96M copies","Dec 21, 2021<br><b>Omicron BA.1</b> 82.3M copies, 7-day average"
"Delta",2021-12-22,411.110698,133.459688,133.459688,180.578838,"Dec 22, 2021<br><b>Delta</b> 133.46M copies","Dec 22, 2021<br><b>Delta</b> 180.58M copies, 7-day average"
"Omicron BA.1",2021-12-22,411.110698,224.898929,224.898929,105.027316,"Dec 22, 2021<br><b>Omicron BA.1</b> 224.9M copies","Dec 22, 2021<br><b>Omicron BA.1</b> 105.03M copies, 7-day average"
"Delta",2021-12-23,487.558501,145.545964,145.545964,165.29974,"Dec 23, 2021<br><b>Delta</b> 145.55M copies","Dec 23, 2021<br><b>Delta</b> 165.3M copies, 7-day average"
"Omicron BA.1",2021-12-23,487.558501,295.757374,295.757374,140.72948,"Dec 23, 2021<br><b>Omicron BA.1</b> 295.76M copies","Dec 23, 2021<br><b>Omicron BA.1</b> 140.73M copies, 7-day average"
"Delta",2021-12-24,468.552519,110.718023,110.718023,149.560386,"Dec 24, 2021<br><b>Delta</b> 110.72M copies","Dec 24, 2021<br><b>Delta</b> 149.56M copies, 7-day average"
"Omicron BA.1",2021-12-24,468.552519,319.75289,319.75289,180.162372,"Dec 24, 2021<br><b>Omicron BA.1</b> 319.75M copies","Dec 24, 2021<br><b>Omicron BA.1</b> 180.16M copies, 7-day average"
"Delta",2021-12-25,546.779546,123.845567,123.845567,144.908216,"Dec 25, 2021<br><b>Delta</b> 123.85M copies","Dec 25, 2021<br><b>Delta</b> 144.91M copies, 7-day average"
"Omicron BA.1",2021-12-25,546.779546,358.101781,358.101781,222.77718,"Dec 25, 2021<br><b>Omicron BA.1</b> 358.1M copies","Dec 25, 2021<br><b>Omicron BA.1</b> 222.78M copies, 7-day average"
"Delta",2021-12-26,590.8331,115.798561,115.798561,135.636525,"Dec 26, 2021<br><b>Delta</b> 115.8M copies","Dec 26, 2021<br><b>Delta</b> 135.64M copies, 7-day average"
"Omicron BA.1",2021-12-26,590.8331,419.975393,419.975393,270.668598,"Dec 26, 2021<br><b>Omicron BA.1</b> 419.98M copies","Dec 26, 2021<br><b>Omicron BA.1</b> 270.67M copies, 7-day average"
"Delta",2021-12-27,601.640779,88.298606,88.298606,123.822387,"Dec 27, 2021<br><b>Delta</b> 88.3M copies","Dec 27, 2021<br><b>Delta</b> 123.82M copies, 7-day average"
"Omicron BA.1",2021-12-27,601.640779,486.196141,486.196141,323.94912,"Dec 27, 2021<br><b>Omicron BA.1</b> 486.2M copies","Dec 27, 2021<br><b>Omicron BA.1</b> 323.95M copies, 7-day average"
"Delta",2021-12-28,754.226148,87.809271,87.809271,115.067954,"Dec 28, 2021<br><b>Delta</b> 87.81M copies","Dec 28, 2021<br><b>Delta</b> 115.07M copies, 7-day average"
"Omicron BA.1",2021-12-28,754.226148,653.01805,653.01805,393.957223,"Dec 28, 2021<br><b>Omicron BA.1</b> 653.02M copies","Dec 28, 2021<br><b>Omicron BA.1</b> 393.96M copies, 7-day average"
"Delta",2021-12-29,739.734806,78.13005,78.13005,107.16372,"Dec 29, 2021<br><b>Delta</b> 78.13M copies","Dec 29, 2021<br><b>Delta</b> 107.16M copies, 7-day average"
"Omicron BA.1",2021-12-29,739.734806,608.322397,608.322397,448.732004,"Dec 29, 2021<br><b>Omicron BA.1</b> 608.32M copies","Dec 29, 2021<br><b>Omicron BA.1</b> 448.73M copies, 7-day average"
"Delta",2021-12-30,859.902212,62.70063,62.70063,95.328673,"Dec 30, 2021<br><b>Delta</b> 62.7M copies","Dec 30, 2021<br><b>Delta</b> 95.33M copies, 7-day average"
"Omicron BA.1",2021-12-30,859.902212,742.653685,742.653685,512.574334,"Dec 30, 2021<br><b>Omicron BA.1</b> 742.65M copies","Dec 30, 2021<br><b>Omicron BA.1</b> 512.57M copies, 7-day average"
"Delta",2021-12-31,955.485656,64.502926,64.502926,88.726516,"Dec 31, 2021<br><b>Delta</b> 64.5M copies","Dec 31, 2021<br><b>Delta</b> 88.73M copies, 7-day average"
"Omicron BA.1",2021-12-31,955.485656,838.596319,838.596319,586.694824,"Dec 31, 2021<br><b>Omicron BA.1</b> 838.6M copies","Dec 31, 2021<br><b>Omicron BA.1</b> 586.69M copies, 7-day average"
"Delta",2022-01-01,759.356792,54.846063,54.846063,78.869444,"Jan 01, 2022<br><b>Delta</b> 54.85M copies","Jan 01, 2022<br><b>Delta</b> 78.87M copies, 7-day average"
"Omicron BA.2",2022-01-01,759.356792,0,0,0,"Jan 01, 2022<br><b>Omicron BA.2</b> 0M copies","Jan 01, 2022<br><b>Omicron BA.2</b> 0M copies, 7-day average"
"Delta",2022-01-02,688.021076,45.339213,45.339213,68.803823,"Jan 02, 2022<br><b>Delta</b> 45.34M copies","Jan 02, 2022<br><b>Delta</b> 68.8M copies, 7-day average"
"Omicron BA.2",2022-01-02,688.021076,0,0,0,"Jan 02, 2022<br><b>Omicron BA.2</b> 0M copies","Jan 02, 2022<br><b>Omicron BA.2</b> 0M copies, 7-day average"
"Delta",2022-01-03,827.516005,46.990496,46.990496,62.902664,"Jan 03, 2022<br><b>Delta</b> 46.99M copies","Jan 03, 2022<br><b>Delta</b> 62.9M copies, 7-day average"
"Omicron BA.2",2022-01-03,827.516005,0,0,0,"Jan 03, 2022<br><b>Omicron BA.2</b> 0M copies","Jan 03, 2022<br><b>Omicron BA.2</b> 0M copies, 7-day average"
"Delta",2022-01-04,944.494803,66.210975,66.210975,59.817193,"Jan 04, 2022<br><b>Delta</b> 66.21M copies","Jan 04, 2022<br><b>Delta</b> 59.82M copies, 7-day average"
"Omicron BA.2",2022-01-04,944.494803,0,0,0,"Jan 04, 2022<br><b>Omicron BA.2</b> 0M copies","Jan 04, 2022<br><b>Omicron BA.2</b> 0M copies, 7-day average"
"Delta",2022-01-05,1028.759625,29.133444,29.133444,52.817678,"Jan 05, 2022<br><b>Delta</b> 29.13M copies","Jan 05, 2022<br><b>Delta</b> 52.82M copies, 7-day average"
"Omicron BA.1",2022-01-05,1028.759625,965.235776,965.235776,848.828593,"Jan 05, 2022<br><b>Omicron BA.1</b> 965.24M copies","Jan 05, 2022<br><b>Omicron BA.1</b> 848.83M copies, 7-day average"
"Omicron BA.2",2022-01-05,1028.759625,6.780555,6.780555,1.356111,"Jan 05, 2022<br><b>Omicron BA.2</b> 6.78M copies","Jan 05, 2022<br><b>Omicron BA.2</b> 1.36M copies, 7-day average"
"Delta",2022-01-06,1047.488088,64.597543,64.597543,53.088666,"Jan 06, 2022<br><b>Delta</b> 64.6M copies","Jan 06, 2022<br><b>Delta</b> 53.09M copies, 7-day average"
"Omicron BA.2",2022-01-06,1047.488088,0,0,1.130092,"Jan 06, 2022<br><b>Omicron BA.2</b> 0M copies","Jan 06, 2022<br><b>Omicron BA.2</b> 1.13M copies, 7-day average"
"Delta",2022-01-07,910.384574,30.208381,30.208381,48.189445,"Jan 07, 2022<br><b>Delta</b> 30.21M copies","Jan 07, 2022<br><b>Delta</b> 48.19M copies, 7-day average"
"Omicron BA.2",2022-01-07,910.384574,0,0,0.968651,"Jan 07, 2022<br><b>Omicron BA.2</b> 0M copies","Jan 07, 2022<br><b>Omicron BA.2</b> 0.97M copies, 7-day average"
"Delta",2022-01-08,855.819219,30.538197,30.538197,44.716893,"Jan 08, 2022<br><b>Delta</b> 30.54M copies","Jan 08, 2022<br><b>Delta</b> 44.72M copies, 7-day average"
"Omicron BA.1",2022-01-08,855.819219,800.866211,800.866211,883.050993,"Jan 08, 2022<br><b>Omicron BA.1</b> 800.87M copies","Jan 08, 2022<br><b>Omicron BA.1</b> 883.05M copies, 7-day average"
"Omicron BA.2",2022-01-08,855.819219,4.641108,4.641108,1.631666,"Jan 08, 2022<br><b>Omicron BA.2</b> 4.64M copies","Jan 08, 2022<br><b>Omicron BA.2</b> 1.63M copies, 7-day average"
"Delta",2022-01-09,1015.635757,19.835366,19.835366,41.073486,"Jan 09, 2022<br><b>Delta</b> 19.84M copies","Jan 09, 2022<br><b>Delta</b> 41.07M copies, 7-day average"
"Omicron BA.2",2022-01-09,1015.635757,0,0,1.631666,"Jan 09, 2022<br><b>Omicron BA.2</b> 0M copies","Jan 09, 2022<br><b>Omicron BA.2</b> 1.63M copies, 7-day average"
"Delta",2022-01-10,866.897632,51.254456,51.254456,41.682623,"Jan 10, 2022<br><b>Delta</b> 51.25M copies","Jan 10, 2022<br><b>Delta</b> 41.68M copies, 7-day average"
"Omicron BA.1",2022-01-10,866.897632,765.060567,765.060567,846.704655,"Jan 10, 2022<br><b>Omicron BA.1</b> 765.06M copies","Jan 10, 2022<br><b>Omicron BA.1</b> 846.7M copies, 7-day average"
"Omicron BA.2",2022-01-10,866.897632,2.004267,2.004267,1.91799,"Jan 10, 2022<br><b>Omicron BA.2</b> 2M copies","Jan 10, 2022<br><b>Omicron BA.2</b> 1.92M copies, 7-day average"
"Delta",2022-01-11,800.100526,23.979813,23.979813,35.6496,"Jan 11, 2022<br><b>Delta</b> 23.98M copies","Jan 11, 2022<br><b>Delta</b> 35.65M copies, 7-day average"
"Omicron BA.2",2022-01-11,800.100526,0,0,1.91799,"Jan 11, 2022<br><b>Omicron BA.2</b> 0M copies","Jan 11, 2022<br><b>Omicron BA.2</b> 1.92M copies, 7-day average"
"Delta",2022-01-12,679.043475,10.722776,10.722776,33.019504,"Jan 12, 2022<br><b>Delta</b> 10.72M copies","Jan 12, 2022<br><b>Delta</b> 33.02M copies, 7-day average"
"Omicron BA.1",2022-01-12,679.043475,647.149482,647.149482,781.178094,"Jan 12, 2022<br><b>Omicron BA.1</b> 647.15M copies","Jan 12, 2022<br><b>Omicron BA.1</b> 781.18M copies, 7-day average"
"Omicron BA.2",2022-01-12,679.043475,0.302853,0.302853,0.992604,"Jan 12, 2022<br><b>Omicron BA.2</b> 0.3M copies","Jan 12, 2022<br><b>Omicron BA.2</b> 0.99M copies, 7-day average"
"Delta",2022-01-13,639.964999,10.176723,10.176723,25.245102,"Jan 13, 2022<br><b>Delta</b> 10.18M copies","Jan 13, 2022<br><b>Delta</b> 25.25M copies, 7-day average"
"Omicron BA.2",2022-01-13,639.964999,0,0,0.992604,"Jan 13, 2022<br><b>Omicron BA.2</b> 0M copies","Jan 13, 2022<br><b>Omicron BA.2</b> 0.99M copies, 7-day average"
"Delta",2022-01-14,534.245418,11.765153,11.765153,22.610355,"Jan 14, 2022<br><b>Delta</b> 11.77M copies","Jan 14, 2022<br><b>Delta</b> 22.61M copies, 7-day average"
"Omicron BA.2",2022-01-14,534.245418,0,0,0.992604,"Jan 14, 2022<br><b>Omicron BA.2</b> 0M copies","Jan 14, 2022<br><b>Omicron BA.2</b> 0.99M copies, 7-day average"
"Delta",2022-01-15,530.563775,10.175683,10.175683,19.701424,"Jan 15, 2022<br><b>Delta</b> 10.18M copies","Jan 15, 2022<br><b>Delta</b> 19.7M copies, 7-day average"
"Omicron BA.1",2022-01-15,530.563775,514.529607,514.529607,653.926737,"Jan 15, 2022<br><b>Omicron BA.1</b> 514.53M copies","Jan 15, 2022<br><b>Omicron BA.1</b> 653.93M copies, 7-day average"
"Omicron BA.2",2022-01-15,530.563775,2.476141,2.476141,0.683323,"Jan 15, 2022<br><b>Omicron BA.2</b> 2.48M copies","Jan 15, 2022<br><b>Omicron BA.2</b> 0.68M copies, 7-day average"
"Delta",2022-01-16,397.261652,5.102826,5.102826,17.596776,"Jan 16, 2022<br><b>Delta</b> 5.1M copies","Jan 16, 2022<br><b>Delta</b> 17.6M copies, 7-day average"
"Omicron BA.1",2022-01-16,397.261652,380.136894,380.136894,596.380095,"Jan 16, 2022<br><b>Omicron BA.1</b> 380.14M copies","Jan 16, 2022<br><b>Omicron BA.1</b> 596.38M copies, 7-day average"
"Omicron BA.2",2022-01-16,397.261652,0.709907,0.709907,0.784738,"Jan 16, 2022<br><b>Omicron BA.2</b> 0.71M copies","Jan 16, 2022<br><b>Omicron BA.2</b> 0.78M copies, 7-day average"
"Delta",2022-01-17,378.15076,9.301752,9.301752,11.603532,"Jan 17, 2022<br><b>Delta</b> 9.3M copies","Jan 17, 2022<br><b>Delta</b> 11.6M copies, 7-day average"
"Omicron BA.1",2022-01-17,378.15076,358.0494,358.0494,538.235642,"Jan 17, 2022<br><b>Omicron BA.1</b> 358.05M copies","Jan 17, 2022<br><b>Omicron BA.1</b> 538.24M copies, 7-day average"
"Omicron BA.2",2022-01-17,378.15076,10.35944,10.35944,1.978334,"Jan 17, 2022<br><b>Omicron BA.2</b> 10.36M copies","Jan 17, 2022<br><b>Omicron BA.2</b> 1.98M copies, 7-day average"
"Delta",2022-01-18,409.333667,14.065933,14.065933,10.187264,"Jan 18, 2022<br><b>Delta</b> 14.07M copies","Jan 18, 2022<br><b>Delta</b> 10.19M copies, 7-day average"
"Omicron BA.2",2022-01-18,409.333667,0,0,1.978334,"Jan 18, 2022<br><b>Omicron BA.2</b> 0M copies","Jan 18, 2022<br><b>Omicron BA.2</b> 1.98M copies, 7-day average"
"Delta",2022-01-19,412.648695,6.979953,6.979953,9.652575,"Jan 19, 2022<br><b>Delta</b> 6.98M copies","Jan 19, 2022<br><b>Delta</b> 9.65M copies, 7-day average"
"Omicron BA.1",2022-01-19,412.648695,397.704623,397.704623,455.710946,"Jan 19, 2022<br><b>Omicron BA.1</b> 397.7M copies","Jan 19, 2022<br><b>Omicron BA.1</b> 455.71M copies, 7-day average"
"Omicron BA.2",2022-01-19,412.648695,6.0713,6.0713,2.802398,"Jan 19, 2022<br><b>Omicron BA.2</b> 6.07M copies","Jan 19, 2022<br><b>Omicron BA.2</b> 2.8M copies, 7-day average"
"Delta",2022-01-20,335.358477,1.682829,1.682829,8.439161,"Jan 20, 2022<br><b>Delta</b> 1.68M copies","Jan 20, 2022<br><b>Delta</b> 8.44M copies, 7-day average"
"Omicron BA.1",2022-01-20,335.358477,324.487832,324.487832,415.931657,"Jan 20, 2022<br><b>Omicron BA.1</b> 324.49M copies","Jan 20, 2022<br><b>Omicron BA.1</b> 415.93M copies, 7-day average"
"Omicron BA.2",2022-01-20,335.358477,0.261915,0.261915,2.839815,"Jan 20, 2022<br><b>Omicron BA.2</b> 0.26M copies","Jan 20, 2022<br><b>Omicron BA.2</b> 2.84M copies, 7-day average"
"Delta",2022-01-21,317.337929,3.392342,3.392342,7.243045,"Jan 21, 2022<br><b>Delta</b> 3.39M copies","Jan 21, 2022<br><b>Delta</b> 7.24M copies, 7-day average"
"Omicron BA.2",2022-01-21,317.337929,0,0,2.839815,"Jan 21, 2022<br><b>Omicron BA.2</b> 0M copies","Jan 21, 2022<br><b>Omicron BA.2</b> 2.84M copies, 7-day average"
"Delta",2022-01-22,322.610532,4.625912,4.625912,6.450221,"Jan 22, 2022<br><b>Delta</b> 4.63M copies","Jan 22, 2022<br><b>Delta</b> 6.45M copies, 7-day average"
"Omicron BA.1",2022-01-22,322.610532,314.082323,314.082323,353.089023,"Jan 22, 2022<br><b>Omicron BA.1</b> 314.08M copies","Jan 22, 2022<br><b>Omicron BA.1</b> 353.09M copies, 7-day average"
"Omicron BA.2",2022-01-22,322.610532,7.227121,7.227121,3.518526,"Jan 22, 2022<br><b>Omicron BA.2</b> 7.23M copies","Jan 22, 2022<br><b>Omicron BA.2</b> 3.52M copies, 7-day average"
"Delta",2022-01-23,205.109476,4.029171,4.029171,6.296842,"Jan 23, 2022<br><b>Delta</b> 4.03M copies","Jan 23, 2022<br><b>Delta</b> 6.3M copies, 7-day average"
"Omicron BA.1",2022-01-23,205.109476,196.234184,196.234184,326.817207,"Jan 23, 2022<br><b>Omicron BA.1</b> 196.23M copies","Jan 23, 2022<br><b>Omicron BA.1</b> 326.82M copies, 7-day average"
"Omicron BA.2",2022-01-23,205.109476,3.698944,3.698944,3.945532,"Jan 23, 2022<br><b>Omicron BA.2</b> 3.7M copies","Jan 23, 2022<br><b>Omicron BA.2</b> 3.95M copies, 7-day average"
"Delta",2022-01-24,290.499921,3.764007,3.764007,5.505735,"Jan 24, 2022<br><b>Delta</b> 3.76M copies","Jan 24, 2022<br><b>Delta</b> 5.51M copies, 7-day average"
"Omicron BA.1",2022-01-24,290.499921,283.2534,283.2534,316.132064,"Jan 24, 2022<br><b>Omicron BA.1</b> 283.25M copies","Jan 24, 2022<br><b>Omicron BA.1</b> 316.13M copies, 7-day average"
"Omicron BA.2",2022-01-24,290.499921,3.142919,3.142919,2.9146,"Jan 24, 2022<br><b>Omicron BA.2</b> 3.14M copies","Jan 24, 2022<br><b>Omicron BA.2</b> 2.91M copies, 7-day average"
"Delta",2022-01-25,246.912728,3.940727,3.940727,4.059277,"Jan 25, 2022<br><b>Delta</b> 3.94M copies","Jan 25, 2022<br><b>Delta</b> 4.06M copies, 7-day average"
"Omicron BA.1",2022-01-25,246.912728,239.273989,239.273989,296.331633,"Jan 25, 2022<br><b>Omicron BA.1</b> 239.27M copies","Jan 25, 2022<br><b>Omicron BA.1</b> 296.33M copies, 7-day average"
"Omicron BA.2",2022-01-25,246.912728,1.062712,1.062712,3.066416,"Jan 25, 2022<br><b>Omicron BA.2</b> 1.06M copies","Jan 25, 2022<br><b>Omicron BA.2</b> 3.07M copies, 7-day average"
"Delta",2022-01-26,211.546922,1.223587,1.223587,3.236939,"Jan 26, 2022<br><b>Delta</b> 1.22M copies","Jan 26, 2022<br><b>Delta</b> 3.24M copies, 7-day average"
"Omicron BA.1",2022-01-26,211.546922,208.115208,208.115208,269.24743,"Jan 26, 2022<br><b>Omicron BA.1</b> 208.12M copies","Jan 26, 2022<br><b>Omicron BA.1</b> 269.25M copies, 7-day average"
"Omicron BA.2",2022-01-26,211.546922,1.688144,1.688144,2.440251,"Jan 26, 2022<br><b>Omicron BA.2</b> 1.69M copies","Jan 26, 2022<br><b>Omicron BA.2</b> 2.44M copies, 7-day average"
"Delta",2022-01-27,179.810487,1.798105,1.798105,3.253407,"Jan 27, 2022<br><b>Delta</b> 1.8M copies","Jan 27, 2022<br><b>Delta</b> 3.25M copies, 7-day average"
"Omicron BA.1",2022-01-27,179.810487,169.021858,169.021858,247.038006,"Jan 27, 2022<br><b>Omicron BA.1</b> 169.02M copies","Jan 27, 2022<br><b>Omicron BA.1</b> 247.04M copies, 7-day average"
"Omicron BA.2",2022-01-27,179.810487,5.394315,5.394315,3.173451,"Jan 27, 2022<br><b>Omicron BA.2</b> 5.39M copies","Jan 27, 2022<br><b>Omicron BA.2</b> 3.17M copies, 7-day average"
"Delta",2022-01-28,157.28317,0,0,2.768787,"Jan 28, 2022<br><b>Delta</b> 0M copies","Jan 28, 2022<br><b>Delta</b> 2.77M copies, 7-day average"
"Omicron BA.2",2022-01-28,157.28317,0,0,3.173451,"Jan 28, 2022<br><b>Omicron BA.2</b> 0M copies","Jan 28, 2022<br><b>Omicron BA.2</b> 3.17M copies, 7-day average"
"Delta",2022-01-29,149.465042,1.49465,1.49465,2.321464,"Jan 29, 2022<br><b>Delta</b> 1.49M copies","Jan 29, 2022<br><b>Delta</b> 2.32M copies, 7-day average"
"Omicron BA.1",2022-01-29,149.465042,143.48644,143.48644,199.377032,"Jan 29, 2022<br><b>Omicron BA.1</b> 143.49M copies","Jan 29, 2022<br><b>Omicron BA.1</b> 199.38M copies, 7-day average"
"Omicron BA.2",2022-01-29,149.465042,2.989301,2.989301,2.568048,"Jan 29, 2022<br><b>Omicron BA.2</b> 2.99M copies","Jan 29, 2022<br><b>Omicron BA.2</b> 2.57M copies, 7-day average"
"Delta",2022-01-30,145.217049,1.45217,1.45217,1.953321,"Jan 30, 2022<br><b>Delta</b> 1.45M copies","Jan 30, 2022<br><b>Delta</b> 1.95M copies, 7-day average"
"Delta",2022-01-31,132.564762,1.325648,1.325648,1.604984,"Jan 31, 2022<br><b>Delta</b> 1.33M copies","Jan 31, 2022<br><b>Delta</b> 1.6M copies, 7-day average"
"Delta",2022-02-01,168.300356,1.683004,1.683004,1.282452,"Feb 01, 2022<br><b>Delta</b> 1.68M copies","Feb 01, 2022<br><b>Delta</b> 1.28M copies, 7-day average"
"Omicron BA.1",2022-02-01,168.300356,163.251346,163.251346,163.838112,"Feb 01, 2022<br><b>Omicron BA.1</b> 163.25M copies","Feb 01, 2022<br><b>Omicron BA.1</b> 163.84M copies, 7-day average"
"Omicron BA.2",2022-02-01,168.300356,3.366007,3.366007,2.827582,"Feb 01, 2022<br><b>Omicron BA.2</b> 3.37M copies","Feb 01, 2022<br><b>Omicron BA.2</b> 2.83M copies, 7-day average"
"Delta",2022-02-02,291.075459,2.910755,2.910755,1.523476,"Feb 02, 2022<br><b>Delta</b> 2.91M copies","Feb 02, 2022<br><b>Delta</b> 1.52M copies, 7-day average"
"Delta",2022-02-03,129.569722,1.295697,1.295697,1.451703,"Feb 03, 2022<br><b>Delta</b> 1.3M copies","Feb 03, 2022<br><b>Delta</b> 1.45M copies, 7-day average"
"Omicron BA.1",2022-02-03,129.569722,121.795539,121.795539,147.721243,"Feb 03, 2022<br><b>Omicron BA.1</b> 121.8M copies","Feb 03, 2022<br><b>Omicron BA.1</b> 147.72M copies, 7-day average"
"Omicron BA.2",2022-02-03,129.569722,6.478486,6.478486,3.444478,"Feb 03, 2022<br><b>Omicron BA.2</b> 6.48M copies","Feb 03, 2022<br><b>Omicron BA.2</b> 3.44M copies, 7-day average"
"Delta",2022-02-04,70.274356,0.702744,0.702744,1.552095,"Feb 04, 2022<br><b>Delta</b> 0.7M copies","Feb 04, 2022<br><b>Delta</b> 1.55M copies, 7-day average"
"Omicron BA.1",2022-02-04,70.274356,66.760638,66.760638,134.936456,"Feb 04, 2022<br><b>Omicron BA.1</b> 66.76M copies","Feb 04, 2022<br><b>Omicron BA.1</b> 134.94M copies, 7-day average"
"Omicron BA.2",2022-02-04,70.274356,1.405487,1.405487,3.645262,"Feb 04, 2022<br><b>Omicron BA.2</b> 1.41M copies","Feb 04, 2022<br><b>Omicron BA.2</b> 3.65M copies, 7-day average"
"Delta",2022-02-05,78.26531,2.347959,2.347959,1.673997,"Feb 05, 2022<br><b>Delta</b> 2.35M copies","Feb 05, 2022<br><b>Delta</b> 1.67M copies, 7-day average"
"Omicron BA.2",2022-02-05,78.26531,0,0,3.218219,"Feb 05, 2022<br><b>Omicron BA.2</b> 0M copies","Feb 05, 2022<br><b>Omicron BA.2</b> 3.22M copies, 7-day average"
"Delta",2022-02-06,80.562416,0.805624,0.805624,1.581633,"Feb 06, 2022<br><b>Delta</b> 0.81M copies","Feb 06, 2022<br><b>Delta</b> 1.58M copies, 7-day average"
"Omicron BA.1",2022-02-06,80.562416,76.534295,76.534295,114.167967,"Feb 06, 2022<br><b>Omicron BA.1</b> 76.53M copies","Feb 06, 2022<br><b>Omicron BA.1</b> 114.17M copies, 7-day average"
"Omicron BA.2",2022-02-06,80.562416,2.416872,2.416872,3.118505,"Feb 06, 2022<br><b>Omicron BA.2</b> 2.42M copies","Feb 06, 2022<br><b>Omicron BA.2</b> 3.12M copies, 7-day average"
"Delta",2022-02-07,87.580023,0,0,1.392255,"Feb 07, 2022<br><b>Delta</b> 0M copies","Feb 07, 2022<br><b>Delta</b> 1.39M copies, 7-day average"
"Omicron BA.2",2022-02-07,87.580023,0,0,2.655586,"Feb 07, 2022<br><b>Omicron BA.2</b> 0M copies","Feb 07, 2022<br><b>Omicron BA.2</b> 2.66M copies, 7-day average"
"Delta",2022-02-08,81.604995,0,0,1.151826,"Feb 08, 2022<br><b>Delta</b> 0M copies","Feb 08, 2022<br><b>Delta</b> 1.15M copies, 7-day average"
"Omicron BA.1",2022-02-08,81.604995,79.972895,79.972895,91.069696,"Feb 08, 2022<br><b>Omicron BA.1</b> 79.97M copies","Feb 08, 2022<br><b>Omicron BA.1</b> 91.07M copies, 7-day average"
"Omicron BA.2",2022-02-08,81.604995,0.81605,0.81605,2.291306,"Feb 08, 2022<br><b>Omicron BA.2</b> 0.82M copies","Feb 08, 2022<br><b>Omicron BA.2</b> 2.29M copies, 7-day average"
"Delta",2022-02-09,83.327574,0.833276,0.833276,0.855043,"Feb 09, 2022<br><b>Delta</b> 0.83M copies","Feb 09, 2022<br><b>Delta</b> 0.86M copies, 7-day average"
"Omicron BA.1",2022-02-09,83.327574,78.32792,78.32792,81.898907,"Feb 09, 2022<br><b>Omicron BA.1</b> 78.33M copies","Feb 09, 2022<br><b>Omicron BA.1</b> 81.9M copies, 7-day average"
"Omicron BA.2",2022-02-09,83.327574,4.166379,4.166379,2.183325,"Feb 09, 2022<br><b>Omicron BA.2</b> 4.17M copies","Feb 09, 2022<br><b>Omicron BA.2</b> 2.18M copies, 7-day average"
"Delta",2022-02-10,55.392082,0,0,0.669943,"Feb 10, 2022<br><b>Delta</b> 0M copies","Feb 10, 2022<br><b>Delta</b> 0.67M copies, 7-day average"
"Omicron BA.1",2022-02-10,55.392082,52.068557,52.068557,71.937909,"Feb 10, 2022<br><b>Omicron BA.1</b> 52.07M copies","Feb 10, 2022<br><b>Omicron BA.1</b> 71.94M copies, 7-day average"
"Omicron BA.2",2022-02-10,55.392082,0.553921,0.553921,1.336958,"Feb 10, 2022<br><b>Omicron BA.2</b> 0.55M copies","Feb 10, 2022<br><b>Omicron BA.2</b> 1.34M copies, 7-day average"
"Delta",2022-02-11,63.619866,1.272397,1.272397,0.751322,"Feb 11, 2022<br><b>Delta</b> 1.27M copies","Feb 11, 2022<br><b>Delta</b> 0.75M copies, 7-day average"
"Omicron BA.1",2022-02-11,63.619866,62.347468,62.347468,71.307457,"Feb 11, 2022<br><b>Omicron BA.1</b> 62.35M copies","Feb 11, 2022<br><b>Omicron BA.1</b> 71.31M copies, 7-day average"
"Omicron BA.2",2022-02-11,63.619866,0.636199,0.636199,1.22706,"Feb 11, 2022<br><b>Omicron BA.2</b> 0.64M copies","Feb 11, 2022<br><b>Omicron BA.2</b> 1.23M copies, 7-day average"
"Delta",2022-02-12,61.068942,1.832068,1.832068,0.677624,"Feb 12, 2022<br><b>Delta</b> 1.83M copies","Feb 12, 2022<br><b>Delta</b> 0.68M copies, 7-day average"
"Omicron BA.1",2022-02-12,61.068942,53.740669,53.740669,68.749343,"Feb 12, 2022<br><b>Omicron BA.1</b> 53.74M copies","Feb 12, 2022<br><b>Omicron BA.1</b> 68.75M copies, 7-day average"
"Omicron BA.2",2022-02-12,61.068942,6.717584,6.717584,2.186715,"Feb 12, 2022<br><b>Omicron BA.2</b> 6.72M copies","Feb 12, 2022<br><b>Omicron BA.2</b> 2.19M copies, 7-day average"
"Delta",2022-02-13,43.110299,1.724412,1.724412,0.808879,"Feb 13, 2022<br><b>Delta</b> 1.72M copies","Feb 13, 2022<br><b>Delta</b> 0.81M copies, 7-day average"
"Omicron BA.1",2022-02-13,43.110299,41.385887,41.385887,63.728142,"Feb 13, 2022<br><b>Omicron BA.1</b> 41.39M copies","Feb 13, 2022<br><b>Omicron BA.1</b> 63.73M copies, 7-day average"
"Omicron BA.2",2022-02-13,43.110299,1.724412,1.724412,2.087792,"Feb 13, 2022<br><b>Omicron BA.2</b> 1.72M copies","Feb 13, 2022<br><b>Omicron BA.2</b> 2.09M copies, 7-day average"
"Delta",2022-02-14,33.526625,0,0,0.808879,"Feb 14, 2022<br><b>Delta</b> 0M copies","Feb 14, 2022<br><b>Delta</b> 0.81M copies, 7-day average"
"Omicron BA.1",2022-02-14,33.526625,31.179761,31.179761,57.003308,"Feb 14, 2022<br><b>Omicron BA.1</b> 31.18M copies","Feb 14, 2022<br><b>Omicron BA.1</b> 57M copies, 7-day average"
"Omicron BA.2",2022-02-14,33.526625,2.346864,2.346864,2.423058,"Feb 14, 2022<br><b>Omicron BA.2</b> 2.35M copies","Feb 14, 2022<br><b>Omicron BA.2</b> 2.42M copies, 7-day average"
"Delta",2022-02-15,47.473139,0,0,0.808879,"Feb 15, 2022<br><b>Delta</b> 0M copies","Feb 15, 2022<br><b>Delta</b> 0.81M copies, 7-day average"
"Omicron BA.1",2022-02-15,47.473139,44.624751,44.624751,51.953573,"Feb 15, 2022<br><b>Omicron BA.1</b> 44.62M copies","Feb 15, 2022<br><b>Omicron BA.1</b> 51.95M copies, 7-day average"
"Omicron BA.2",2022-02-15,47.473139,2.848388,2.848388,2.713392,"Feb 15, 2022<br><b>Omicron BA.2</b> 2.85M copies","Feb 15, 2022<br><b>Omicron BA.2</b> 2.71M copies, 7-day average"
"Delta",2022-02-16,48.90658,1.956263,1.956263,0.969306,"Feb 16, 2022<br><b>Delta</b> 1.96M copies","Feb 16, 2022<br><b>Delta</b> 0.97M copies, 7-day average"
"Omicron BA.2",2022-02-16,48.90658,0,0,2.118195,"Feb 16, 2022<br><b>Omicron BA.2</b> 0M copies","Feb 16, 2022<br><b>Omicron BA.2</b> 2.12M copies, 7-day average"
"Delta",2022-02-17,44.905808,0,0,0.969306,"Feb 17, 2022<br><b>Delta</b> 0M copies","Feb 17, 2022<br><b>Delta</b> 0.97M copies, 7-day average"
"Delta",2022-02-18,98.578677,1.971574,1.971574,1.069188,"Feb 18, 2022<br><b>Delta</b> 1.97M copies","Feb 18, 2022<br><b>Delta</b> 1.07M copies, 7-day average"
"Omicron BA.2",2022-02-18,98.578677,0,0,1.948178,"Feb 18, 2022<br><b>Omicron BA.2</b> 0M copies","Feb 18, 2022<br><b>Omicron BA.2</b> 1.95M copies, 7-day average"
"Delta",2022-02-19,37.776099,0,0,0.807464,"Feb 19, 2022<br><b>Delta</b> 0M copies","Feb 19, 2022<br><b>Delta</b> 0.81M copies, 7-day average"
"Omicron BA.1",2022-02-19,37.776099,34.754011,34.754011,37.986103,"Feb 19, 2022<br><b>Omicron BA.1</b> 34.75M copies","Feb 19, 2022<br><b>Omicron BA.1</b> 37.99M copies, 7-day average"
"Omicron BA.2",2022-02-19,37.776099,0.755522,0.755522,1.096455,"Feb 19, 2022<br><b>Omicron BA.2</b> 0.76M copies","Feb 19, 2022<br><b>Omicron BA.2</b> 1.1M copies, 7-day average"
"Delta",2022-02-20,38.774075,0.775481,0.775481,0.671903,"Feb 20, 2022<br><b>Delta</b> 0.78M copies","Feb 20, 2022<br><b>Delta</b> 0.67M copies, 7-day average"
"Omicron BA.1",2022-02-20,38.774075,35.672149,35.672149,36.557668,"Feb 20, 2022<br><b>Omicron BA.1</b> 35.67M copies","Feb 20, 2022<br><b>Omicron BA.1</b> 36.56M copies, 7-day average"
"Omicron BA.2",2022-02-20,38.774075,1.550963,1.550963,1.071677,"Feb 20, 2022<br><b>Omicron BA.2</b> 1.55M copies","Feb 20, 2022<br><b>Omicron BA.2</b> 1.07M copies, 7-day average"
"Delta",2022-02-21,31.934359,2.235405,2.235405,0.991246,"Feb 21, 2022<br><b>Delta</b> 2.24M copies","Feb 21, 2022<br><b>Delta</b> 0.99M copies, 7-day average"
"Omicron BA.1",2022-02-21,31.934359,27.144205,27.144205,35.548779,"Feb 21, 2022<br><b>Omicron BA.1</b> 27.14M copies","Feb 21, 2022<br><b>Omicron BA.1</b> 35.55M copies, 7-day average"
"Omicron BA.2",2022-02-21,31.934359,4.151467,4.151467,1.329477,"Feb 21, 2022<br><b>Omicron BA.2</b> 4.15M copies","Feb 21, 2022<br><b>Omicron BA.2</b> 1.33M copies, 7-day average"
"Delta",2022-02-22,40.818314,0,0,0.991246,"Feb 22, 2022<br><b>Delta</b> 0M copies","Feb 22, 2022<br><b>Delta</b> 0.99M copies, 7-day average"
"Delta",2022-02-23,34.559205,0,0,0.71178,"Feb 23, 2022<br><b>Delta</b> 0M copies","Feb 23, 2022<br><b>Delta</b> 0.71M copies, 7-day average"
"Omicron BA.1",2022-02-23,34.559205,30.757693,30.757693,31.455801,"Feb 23, 2022<br><b>Omicron BA.1</b> 30.76M copies","Feb 23, 2022<br><b>Omicron BA.1</b> 31.46M copies, 7-day average"
"Omicron BA.2",2022-02-23,34.559205,3.801513,3.801513,2.033708,"Feb 23, 2022<br><b>Omicron BA.2</b> 3.8M copies","Feb 23, 2022<br><b>Omicron BA.2</b> 2.03M copies, 7-day average"
"Delta",2022-02-24,144.236783,5.769471,5.769471,1.53599,"Feb 24, 2022<br><b>Delta</b> 5.77M copies","Feb 24, 2022<br><b>Delta</b> 1.54M copies, 7-day average"
"Omicron BA.1",2022-02-24,144.236783,137.024944,137.024944,49.050658,"Feb 24, 2022<br><b>Omicron BA.1</b> 137.02M copies","Feb 24, 2022<br><b>Omicron BA.1</b> 49.05M copies, 7-day average"
"Omicron BA.2",2022-02-24,144.236783,2.884736,2.884736,2.445813,"Feb 24, 2022<br><b>Omicron BA.2</b> 2.88M copies","Feb 24, 2022<br><b>Omicron BA.2</b> 2.45M copies, 7-day average"
"Delta",2022-02-25,30.590131,0,0,1.254337,"Feb 25, 2022<br><b>Delta</b> 0M copies","Feb 25, 2022<br><b>Delta</b> 1.25M copies, 7-day average"
"Omicron BA.1",2022-02-25,30.590131,26.919315,26.919315,45.889038,"Feb 25, 2022<br><b>Omicron BA.1</b> 26.92M copies","Feb 25, 2022<br><b>Omicron BA.1</b> 45.89M copies, 7-day average"
"Omicron BA.2",2022-02-25,30.590131,3.670816,3.670816,2.970215,"Feb 25, 2022<br><b>Omicron BA.2</b> 3.67M copies","Feb 25, 2022<br><b>Omicron BA.2</b> 2.97M copies, 7-day average"
"Delta",2022-02-26,24.797853,0,0,1.254337,"Feb 26, 2022<br><b>Delta</b> 0M copies","Feb 26, 2022<br><b>Delta</b> 1.25M copies, 7-day average"
"Omicron BA.1",2022-02-26,24.797853,20.830196,20.830196,43.899922,"Feb 26, 2022<br><b>Omicron BA.1</b> 20.83M copies","Feb 26, 2022<br><b>Omicron BA.1</b> 43.9M copies, 7-day average"
"Omicron BA.2",2022-02-26,24.797853,3.223721,3.223721,3.322815,"Feb 26, 2022<br><b>Omicron BA.2</b> 3.22M copies","Feb 26, 2022<br><b>Omicron BA.2</b> 3.32M copies, 7-day average"
"Delta",2022-02-27,23.16985,0.695096,0.695096,1.242853,"Feb 27, 2022<br><b>Delta</b> 0.7M copies","Feb 27, 2022<br><b>Delta</b> 1.24M copies, 7-day average"
"Omicron BA.1",2022-02-27,23.16985,19.230976,19.230976,41.551183,"Feb 27, 2022<br><b>Omicron BA.1</b> 19.23M copies","Feb 27, 2022<br><b>Omicron BA.1</b> 41.55M copies, 7-day average"
"Omicron BA.2",2022-02-27,23.16985,3.938875,3.938875,3.663945,"Feb 27, 2022<br><b>Omicron BA.2</b> 3.94M copies","Feb 27, 2022<br><b>Omicron BA.2</b> 3.66M copies, 7-day average"
"Delta",2022-02-28,27.68847,3.045732,3.045732,1.358614,"Feb 28, 2022<br><b>Delta</b> 3.05M copies","Feb 28, 2022<br><b>Delta</b> 1.36M copies, 7-day average"
"Omicron BA.1",2022-02-28,27.68847,20.766353,20.766353,40.640061,"Feb 28, 2022<br><b>Omicron BA.1</b> 20.77M copies","Feb 28, 2022<br><b>Omicron BA.1</b> 40.64M copies, 7-day average"
"Omicron BA.2",2022-02-28,27.68847,4.153271,4.153271,3.664203,"Feb 28, 2022<br><b>Omicron BA.2</b> 4.15M copies","Feb 28, 2022<br><b>Omicron BA.2</b> 3.66M copies, 7-day average"
"Delta",2022-03-01,25.256624,0,0,1.358614,"Mar 01, 2022<br><b>Delta</b> 0M copies","Mar 01, 2022<br><b>Delta</b> 1.36M copies, 7-day average"
"Omicron BA.1",2022-03-01,25.256624,23.236094,23.236094,39.823653,"Mar 01, 2022<br><b>Omicron BA.1</b> 23.24M copies","Mar 01, 2022<br><b>Omicron BA.1</b> 39.82M copies, 7-day average"
"Omicron BA.2",2022-03-01,25.256624,0.757699,0.757699,3.204376,"Mar 01, 2022<br><b>Omicron BA.2</b> 0.76M copies","Mar 01, 2022<br><b>Omicron BA.2</b> 3.2M copies, 7-day average"
"Delta",2022-03-02,27.678263,0.830348,0.830348,1.477235,"Mar 02, 2022<br><b>Delta</b> 0.83M copies","Mar 02, 2022<br><b>Delta</b> 1.48M copies, 7-day average"
"Omicron BA.1",2022-03-02,27.678263,21.865828,21.865828,38.553387,"Mar 02, 2022<br><b>Omicron BA.1</b> 21.87M copies","Mar 02, 2022<br><b>Omicron BA.1</b> 38.55M copies, 7-day average"
"Omicron BA.2",2022-03-02,27.678263,5.812435,5.812435,3.49165,"Mar 02, 2022<br><b>Omicron BA.2</b> 5.81M copies","Mar 02, 2022<br><b>Omicron BA.2</b> 3.49M copies, 7-day average"
"Delta",2022-03-03,21.234322,1.486403,1.486403,0.865368,"Mar 03, 2022<br><b>Delta</b> 1.49M copies","Mar 03, 2022<br><b>Delta</b> 0.87M copies, 7-day average"
"Omicron BA.1",2022-03-03,21.234322,16.350428,16.350428,21.31417,"Mar 03, 2022<br><b>Omicron BA.1</b> 16.35M copies","Mar 03, 2022<br><b>Omicron BA.1</b> 21.31M copies, 7-day average"
"Omicron BA.2",2022-03-03,21.234322,3.822178,3.822178,3.625571,"Mar 03, 2022<br><b>Omicron BA.2</b> 3.82M copies","Mar 03, 2022<br><b>Omicron BA.2</b> 3.63M copies, 7-day average"
"Delta",2022-03-04,22.977377,0.919095,0.919095,0.996668,"Mar 04, 2022<br><b>Delta</b> 0.92M copies","Mar 04, 2022<br><b>Delta</b> 1M copies, 7-day average"
"Omicron BA.1",2022-03-04,22.977377,17.462806,17.462806,19.96324,"Mar 04, 2022<br><b>Omicron BA.1</b> 17.46M copies","Mar 04, 2022<br><b>Omicron BA.1</b> 19.96M copies, 7-day average"
"Omicron BA.2",2022-03-04,22.977377,5.51457,5.51457,3.888964,"Mar 04, 2022<br><b>Omicron BA.2</b> 5.51M copies","Mar 04, 2022<br><b>Omicron BA.2</b> 3.89M copies, 7-day average"
"Delta",2022-03-05,28.86002,2.308802,2.308802,1.326496,"Mar 05, 2022<br><b>Delta</b> 2.31M copies","Mar 05, 2022<br><b>Delta</b> 1.33M copies, 7-day average"
"Omicron BA.1",2022-03-05,28.86002,22.799416,22.799416,20.244557,"Mar 05, 2022<br><b>Omicron BA.1</b> 22.8M copies","Mar 05, 2022<br><b>Omicron BA.1</b> 20.24M copies, 7-day average"
"Omicron BA.2",2022-03-05,28.86002,1.154401,1.154401,3.593347,"Mar 05, 2022<br><b>Omicron BA.2</b> 1.15M copies","Mar 05, 2022<br><b>Omicron BA.2</b> 3.59M copies, 7-day average"
"Delta",2022-03-06,20.88082,0,0,1.227197,"Mar 06, 2022<br><b>Delta</b> 0M copies","Mar 06, 2022<br><b>Delta</b> 1.23M copies, 7-day average"
"Omicron BA.1",2022-03-06,20.88082,15.03419,15.03419,19.645017,"Mar 06, 2022<br><b>Omicron BA.1</b> 15.03M copies","Mar 06, 2022<br><b>Omicron BA.1</b> 19.65M copies, 7-day average"
"Omicron BA.2",2022-03-06,20.88082,4.176164,4.176164,3.627245,"Mar 06, 2022<br><b>Omicron BA.2</b> 4.18M copies","Mar 06, 2022<br><b>Omicron BA.2</b> 3.63M copies, 7-day average"
"Delta",2022-03-07,15.505804,0,0,0.792092,"Mar 07, 2022<br><b>Delta</b> 0M copies","Mar 07, 2022<br><b>Delta</b> 0.79M copies, 7-day average"
"Omicron BA.1",2022-03-07,15.505804,11.629353,11.629353,18.339731,"Mar 07, 2022<br><b>Omicron BA.1</b> 11.63M copies","Mar 07, 2022<br><b>Omicron BA.1</b> 18.34M copies, 7-day average"
"Omicron BA.2",2022-03-07,15.505804,3.876451,3.876451,3.5877,"Mar 07, 2022<br><b>Omicron BA.2</b> 3.88M copies","Mar 07, 2022<br><b>Omicron BA.2</b> 3.59M copies, 7-day average"
"Delta",2022-03-08,20.377581,0.815103,0.815103,0.908536,"Mar 08, 2022<br><b>Delta</b> 0.82M copies","Mar 08, 2022<br><b>Delta</b> 0.91M copies, 7-day average"
"Omicron BA.1",2022-03-08,20.377581,14.671858,14.671858,17.116269,"Mar 08, 2022<br><b>Omicron BA.1</b> 14.67M copies","Mar 08, 2022<br><b>Omicron BA.1</b> 17.12M copies, 7-day average"
"Omicron BA.2",2022-03-08,20.377581,4.890619,4.890619,4.178117,"Mar 08, 2022<br><b>Omicron BA.2</b> 4.89M copies","Mar 08, 2022<br><b>Omicron BA.2</b> 4.18M copies, 7-day average"
"Delta",2022-03-09,23.010499,0,0,0.789915,"Mar 09, 2022<br><b>Delta</b> 0M copies","Mar 09, 2022<br><b>Delta</b> 0.79M copies, 7-day average"
"Omicron BA.1",2022-03-09,23.010499,13.576195,13.576195,15.932035,"Mar 09, 2022<br><b>Omicron BA.1</b> 13.58M copies","Mar 09, 2022<br><b>Omicron BA.1</b> 15.93M copies, 7-day average"
"Omicron BA.2",2022-03-09,23.010499,8.28378,8.28378,4.531166,"Mar 09, 2022<br><b>Omicron BA.2</b> 8.28M copies","Mar 09, 2022<br><b>Omicron BA.2</b> 4.53M copies, 7-day average"
"Delta",2022-03-10,21.903485,0,0,0.577571,"Mar 10, 2022<br><b>Delta</b> 0M copies","Mar 10, 2022<br><b>Delta</b> 0.58M copies, 7-day average"
"Omicron BA.1",2022-03-10,21.903485,3.504558,3.504558,14.096911,"Mar 10, 2022<br><b>Omicron BA.1</b> 3.5M copies","Mar 10, 2022<br><b>Omicron BA.1</b> 14.1M copies, 7-day average"
"Omicron BA.2",2022-03-10,21.903485,18.398927,18.398927,6.613559,"Mar 10, 2022<br><b>Omicron BA.2</b> 18.4M copies","Mar 10, 2022<br><b>Omicron BA.2</b> 6.61M copies, 7-day average"
"Delta",2022-03-11,21.8976,0.875904,0.875904,0.571401,"Mar 11, 2022<br><b>Delta</b> 0.88M copies","Mar 11, 2022<br><b>Delta</b> 0.57M copies, 7-day average"
"Omicron BA.1",2022-03-11,21.8976,14.23344,14.23344,13.635573,"Mar 11, 2022<br><b>Omicron BA.1</b> 14.23M copies","Mar 11, 2022<br><b>Omicron BA.1</b> 13.64M copies, 7-day average"
"Omicron BA.2",2022-03-11,21.8976,6.131328,6.131328,6.701667,"Mar 11, 2022<br><b>Omicron BA.2</b> 6.13M copies","Mar 11, 2022<br><b>Omicron BA.2</b> 6.7M copies, 7-day average"
"Delta",2022-03-12,24.098908,0,0,0.241572,"Mar 12, 2022<br><b>Delta</b> 0M copies","Mar 12, 2022<br><b>Delta</b> 0.24M copies, 7-day average"
"Omicron BA.1",2022-03-12,24.098908,15.905279,15.905279,12.650696,"Mar 12, 2022<br><b>Omicron BA.1</b> 15.91M copies","Mar 12, 2022<br><b>Omicron BA.1</b> 12.65M copies, 7-day average"
"Omicron BA.2",2022-03-12,24.098908,8.193629,8.193629,7.707271,"Mar 12, 2022<br><b>Omicron BA.2</b> 8.19M copies","Mar 12, 2022<br><b>Omicron BA.2</b> 7.71M copies, 7-day average"
"Delta",2022-03-13,20.285703,0,0,0.241572,"Mar 13, 2022<br><b>Delta</b> 0M copies","Mar 13, 2022<br><b>Delta</b> 0.24M copies, 7-day average"
"Omicron BA.1",2022-03-13,20.285703,10.751423,10.751423,12.038872,"Mar 13, 2022<br><b>Omicron BA.1</b> 10.75M copies","Mar 13, 2022<br><b>Omicron BA.1</b> 12.04M copies, 7-day average"
"Omicron BA.2",2022-03-13,20.285703,9.534281,9.534281,8.472716,"Mar 13, 2022<br><b>Omicron BA.2</b> 9.53M copies","Mar 13, 2022<br><b>Omicron BA.2</b> 8.47M copies, 7-day average"
"Delta",2022-03-14,18.176185,0,0,0.241572,"Mar 14, 2022<br><b>Delta</b> 0M copies","Mar 14, 2022<br><b>Delta</b> 0.24M copies, 7-day average"
"Omicron BA.1",2022-03-14,18.176185,10.542187,10.542187,11.883563,"Mar 14, 2022<br><b>Omicron BA.1</b> 10.54M copies","Mar 14, 2022<br><b>Omicron BA.1</b> 11.88M copies, 7-day average"
"Omicron BA.2",2022-03-14,18.176185,7.088712,7.088712,8.931611,"Mar 14, 2022<br><b>Omicron BA.2</b> 7.09M copies","Mar 14, 2022<br><b>Omicron BA.2</b> 8.93M copies, 7-day average"
"Delta",2022-03-15,20.967536,0,0,0.125129,"Mar 15, 2022<br><b>Delta</b> 0M copies","Mar 15, 2022<br><b>Delta</b> 0.13M copies, 7-day average"
"Omicron BA.1",2022-03-15,20.967536,18.661107,18.661107,12.453455,"Mar 15, 2022<br><b>Omicron BA.1</b> 18.66M copies","Mar 15, 2022<br><b>Omicron BA.1</b> 12.45M copies, 7-day average"
"Omicron BA.2",2022-03-15,20.967536,2.306429,2.306429,8.562441,"Mar 15, 2022<br><b>Omicron BA.2</b> 2.31M copies","Mar 15, 2022<br><b>Omicron BA.2</b> 8.56M copies, 7-day average"
"Delta",2022-03-16,23.197962,0,0,0.125129,"Mar 16, 2022<br><b>Delta</b> 0M copies","Mar 16, 2022<br><b>Delta</b> 0.13M copies, 7-day average"
"Omicron BA.1",2022-03-16,23.197962,8.351266,8.351266,11.707037,"Mar 16, 2022<br><b>Omicron BA.1</b> 8.35M copies","Mar 16, 2022<br><b>Omicron BA.1</b> 11.71M copies, 7-day average"
"Omicron BA.2",2022-03-16,23.197962,12.990859,12.990859,9.234881,"Mar 16, 2022<br><b>Omicron BA.2</b> 12.99M copies","Mar 16, 2022<br><b>Omicron BA.2</b> 9.23M copies, 7-day average"
"Delta",2022-03-17,27.610556,0,0,0.125129,"Mar 17, 2022<br><b>Delta</b> 0M copies","Mar 17, 2022<br><b>Delta</b> 0.13M copies, 7-day average"
"Omicron BA.1",2022-03-17,27.610556,11.872539,11.872539,12.902463,"Mar 17, 2022<br><b>Omicron BA.1</b> 11.87M copies","Mar 17, 2022<br><b>Omicron BA.1</b> 12.9M copies, 7-day average"
"Omicron BA.2",2022-03-17,27.610556,10.768117,10.768117,8.144765,"Mar 17, 2022<br><b>Omicron BA.2</b> 10.77M copies","Mar 17, 2022<br><b>Omicron BA.2</b> 8.14M copies, 7-day average"
"Delta",2022-03-18,28.542136,0,0,0,"Mar 18, 2022<br><b>Delta</b> 0M copies","Mar 18, 2022<br><b>Delta</b> 0M copies, 7-day average"
"Omicron BA.1",2022-03-18,28.542136,5.137584,5.137584,11.603055,"Mar 18, 2022<br><b>Omicron BA.1</b> 5.14M copies","Mar 18, 2022<br><b>Omicron BA.1</b> 11.6M copies, 7-day average"
"Omicron BA.2",2022-03-18,28.542136,23.404552,23.404552,10.612368,"Mar 18, 2022<br><b>Omicron BA.2</b> 23.4M copies","Mar 18, 2022<br><b>Omicron BA.2</b> 10.61M copies, 7-day average"
"Delta",2022-03-19,21.691772,0,0,0,"Mar 19, 2022<br><b>Delta</b> 0M copies","Mar 19, 2022<br><b>Delta</b> 0M copies, 7-day average"
"Omicron BA.1",2022-03-19,21.691772,9.327462,9.327462,10.663367,"Mar 19, 2022<br><b>Omicron BA.1</b> 9.33M copies","Mar 19, 2022<br><b>Omicron BA.1</b> 10.66M copies, 7-day average"
"Omicron BA.2",2022-03-19,21.691772,12.36431,12.36431,11.20818,"Mar 19, 2022<br><b>Omicron BA.2</b> 12.36M copies","Mar 19, 2022<br><b>Omicron BA.2</b> 11.21M copies, 7-day average"
"Delta",2022-03-20,23.087178,0,0,0,"Mar 20, 2022<br><b>Delta</b> 0M copies","Mar 20, 2022<br><b>Delta</b> 0M copies, 7-day average"
"Omicron BA.1",2022-03-20,23.087178,4.155692,4.155692,9.72112,"Mar 20, 2022<br><b>Omicron BA.1</b> 4.16M copies","Mar 20, 2022<br><b>Omicron BA.1</b> 9.72M copies, 7-day average"
"Omicron BA.2",2022-03-20,23.087178,18.931486,18.931486,12.550638,"Mar 20, 2022<br><b>Omicron BA.2</b> 18.93M copies","Mar 20, 2022<br><b>Omicron BA.2</b> 12.55M copies, 7-day average"
"Delta",2022-03-21,28.118397,0,0,0,"Mar 21, 2022<br><b>Delta</b> 0M copies","Mar 21, 2022<br><b>Delta</b> 0M copies, 7-day average"
"Omicron BA.1",2022-03-21,28.118397,10.684991,10.684991,9.74152,"Mar 21, 2022<br><b>Omicron BA.1</b> 10.68M copies","Mar 21, 2022<br><b>Omicron BA.1</b> 9.74M copies, 7-day average"
"Omicron BA.2",2022-03-21,28.118397,17.433406,17.433406,14.028451,"Mar 21, 2022<br><b>Omicron BA.2</b> 17.43M copies","Mar 21, 2022<br><b>Omicron BA.2</b> 14.03M copies, 7-day average"
